game_id,round_index,player1_id,player2_id,round_begin_ts,player1_move,player2_move,player1_rt,player2_rt,player1_outcome,player2_outcome,player1_points,player2_points,player1_total,player2_total
3b330851-c377-4934-b74d-01f0b0f57004,1,199c9e2b-8cae-4ab0-82f9-89aaf1c31605,75e0d5b8-d10a-4294-9cc9-8a56147aab19,1566946673779,scissors,paper,4468,7104,win,loss,3,-1,0,0
3b330851-c377-4934-b74d-01f0b0f57004,2,199c9e2b-8cae-4ab0-82f9-89aaf1c31605,75e0d5b8-d10a-4294-9cc9-8a56147aab19,1566946686215,scissors,scissors,1923,4032,tie,tie,0,0,3,-1
3b330851-c377-4934-b74d-01f0b0f57004,3,199c9e2b-8cae-4ab0-82f9-89aaf1c31605,75e0d5b8-d10a-4294-9cc9-8a56147aab19,1566946694007,scissors,rock,2033,2370,loss,win,-1,3,3,-1
3b330851-c377-4934-b74d-01f0b0f57004,4,199c9e2b-8cae-4ab0-82f9-89aaf1c31605,75e0d5b8-d10a-4294-9cc9-8a56147aab19,1566946699319,scissors,paper,1653,1376,win,loss,3,-1,2,2
3b330851-c377-4934-b74d-01f0b0f57004,5,199c9e2b-8cae-4ab0-82f9-89aaf1c31605,75e0d5b8-d10a-4294-9cc9-8a56147aab19,1566946703370,rock,scissors,1153,1029,win,loss,3,-1,5,1
3b330851-c377-4934-b74d-01f0b0f57004,6,199c9e2b-8cae-4ab0-82f9-89aaf1c31605,75e0d5b8-d10a-4294-9cc9-8a56147aab19,1566946706432,rock,scissors,1246,1593,win,loss,3,-1,8,0
3b330851-c377-4934-b74d-01f0b0f57004,7,199c9e2b-8cae-4ab0-82f9-89aaf1c31605,75e0d5b8-d10a-4294-9cc9-8a56147aab19,1566946710159,rock,rock,899,2531,tie,tie,0,0,11,-1
3b330851-c377-4934-b74d-01f0b0f57004,8,199c9e2b-8cae-4ab0-82f9-89aaf1c31605,75e0d5b8-d10a-4294-9cc9-8a56147aab19,1566946715167,paper,rock,741,2633,win,loss,3,-1,11,-1
3b330851-c377-4934-b74d-01f0b0f57004,9,199c9e2b-8cae-4ab0-82f9-89aaf1c31605,75e0d5b8-d10a-4294-9cc9-8a56147aab19,1566946720113,scissors,scissors,965,2103,tie,tie,0,0,14,-2
3b330851-c377-4934-b74d-01f0b0f57004,10,199c9e2b-8cae-4ab0-82f9-89aaf1c31605,75e0d5b8-d10a-4294-9cc9-8a56147aab19,1566946724383,scissors,paper,622,2338,win,loss,3,-1,14,-2
3b330851-c377-4934-b74d-01f0b0f57004,11,199c9e2b-8cae-4ab0-82f9-89aaf1c31605,75e0d5b8-d10a-4294-9cc9-8a56147aab19,1566946729553,scissors,paper,1212,1631,win,loss,3,-1,17,-3
3b330851-c377-4934-b74d-01f0b0f57004,12,199c9e2b-8cae-4ab0-82f9-89aaf1c31605,75e0d5b8-d10a-4294-9cc9-8a56147aab19,1566946732825,rock,rock,670,1945,tie,tie,0,0,20,-4
3b330851-c377-4934-b74d-01f0b0f57004,13,199c9e2b-8cae-4ab0-82f9-89aaf1c31605,75e0d5b8-d10a-4294-9cc9-8a56147aab19,1566946736448,rock,rock,358,1880,tie,tie,0,0,20,-4
3b330851-c377-4934-b74d-01f0b0f57004,14,199c9e2b-8cae-4ab0-82f9-89aaf1c31605,75e0d5b8-d10a-4294-9cc9-8a56147aab19,1566946740367,scissors,paper,759,2164,win,loss,3,-1,20,-4
3b330851-c377-4934-b74d-01f0b0f57004,15,199c9e2b-8cae-4ab0-82f9-89aaf1c31605,75e0d5b8-d10a-4294-9cc9-8a56147aab19,1566946743849,paper,scissors,789,1313,loss,win,-1,3,23,-5
3b330851-c377-4934-b74d-01f0b0f57004,16,199c9e2b-8cae-4ab0-82f9-89aaf1c31605,75e0d5b8-d10a-4294-9cc9-8a56147aab19,1566946747136,scissors,scissors,649,1114,tie,tie,0,0,22,-2
3b330851-c377-4934-b74d-01f0b0f57004,17,199c9e2b-8cae-4ab0-82f9-89aaf1c31605,75e0d5b8-d10a-4294-9cc9-8a56147aab19,1566946749536,scissors,rock,688,1203,loss,win,-1,3,22,-2
3b330851-c377-4934-b74d-01f0b0f57004,18,199c9e2b-8cae-4ab0-82f9-89aaf1c31605,75e0d5b8-d10a-4294-9cc9-8a56147aab19,1566946752553,scissors,paper,359,2314,win,loss,3,-1,21,1
3b330851-c377-4934-b74d-01f0b0f57004,19,199c9e2b-8cae-4ab0-82f9-89aaf1c31605,75e0d5b8-d10a-4294-9cc9-8a56147aab19,1566946756010,rock,rock,486,1481,tie,tie,0,0,24,0
3b330851-c377-4934-b74d-01f0b0f57004,20,199c9e2b-8cae-4ab0-82f9-89aaf1c31605,75e0d5b8-d10a-4294-9cc9-8a56147aab19,1566946758680,rock,scissors,1279,2100,win,loss,3,-1,24,0
3b330851-c377-4934-b74d-01f0b0f57004,21,199c9e2b-8cae-4ab0-82f9-89aaf1c31605,75e0d5b8-d10a-4294-9cc9-8a56147aab19,1566946762345,rock,scissors,405,1665,win,loss,3,-1,27,-1
3b330851-c377-4934-b74d-01f0b0f57004,22,199c9e2b-8cae-4ab0-82f9-89aaf1c31605,75e0d5b8-d10a-4294-9cc9-8a56147aab19,1566946765673,scissors,paper,199,578,win,loss,3,-1,30,-2
3b330851-c377-4934-b74d-01f0b0f57004,23,199c9e2b-8cae-4ab0-82f9-89aaf1c31605,75e0d5b8-d10a-4294-9cc9-8a56147aab19,1566946768082,scissors,rock,277,671,loss,win,-1,3,33,-3
3b330851-c377-4934-b74d-01f0b0f57004,24,199c9e2b-8cae-4ab0-82f9-89aaf1c31605,75e0d5b8-d10a-4294-9cc9-8a56147aab19,1566946770329,scissors,rock,454,763,loss,win,-1,3,32,0
3b330851-c377-4934-b74d-01f0b0f57004,25,199c9e2b-8cae-4ab0-82f9-89aaf1c31605,75e0d5b8-d10a-4294-9cc9-8a56147aab19,1566946772672,scissors,paper,312,1329,win,loss,3,-1,31,3
3b330851-c377-4934-b74d-01f0b0f57004,26,199c9e2b-8cae-4ab0-82f9-89aaf1c31605,75e0d5b8-d10a-4294-9cc9-8a56147aab19,1566946775688,paper,scissors,969,2962,loss,win,-1,3,34,2
3b330851-c377-4934-b74d-01f0b0f57004,27,199c9e2b-8cae-4ab0-82f9-89aaf1c31605,75e0d5b8-d10a-4294-9cc9-8a56147aab19,1566946780104,scissors,rock,71,1780,loss,win,-1,3,33,5
3b330851-c377-4934-b74d-01f0b0f57004,28,199c9e2b-8cae-4ab0-82f9-89aaf1c31605,75e0d5b8-d10a-4294-9cc9-8a56147aab19,1566946783122,rock,scissors,1126,2297,win,loss,3,-1,32,8
3b330851-c377-4934-b74d-01f0b0f57004,29,199c9e2b-8cae-4ab0-82f9-89aaf1c31605,75e0d5b8-d10a-4294-9cc9-8a56147aab19,1566946786454,rock,paper,764,710,loss,win,-1,3,35,7
3b330851-c377-4934-b74d-01f0b0f57004,30,199c9e2b-8cae-4ab0-82f9-89aaf1c31605,75e0d5b8-d10a-4294-9cc9-8a56147aab19,1566946788472,paper,paper,360,1347,tie,tie,0,0,34,10
3b330851-c377-4934-b74d-01f0b0f57004,31,199c9e2b-8cae-4ab0-82f9-89aaf1c31605,75e0d5b8-d10a-4294-9cc9-8a56147aab19,1566946790858,scissors,rock,198,3698,loss,win,-1,3,34,10
3b330851-c377-4934-b74d-01f0b0f57004,32,199c9e2b-8cae-4ab0-82f9-89aaf1c31605,75e0d5b8-d10a-4294-9cc9-8a56147aab19,1566946795800,scissors,scissors,312,1107,tie,tie,0,0,33,13
3b330851-c377-4934-b74d-01f0b0f57004,33,199c9e2b-8cae-4ab0-82f9-89aaf1c31605,75e0d5b8-d10a-4294-9cc9-8a56147aab19,1566946797986,scissors,paper,781,917,win,loss,3,-1,33,13
3b330851-c377-4934-b74d-01f0b0f57004,34,199c9e2b-8cae-4ab0-82f9-89aaf1c31605,75e0d5b8-d10a-4294-9cc9-8a56147aab19,1566946799921,rock,rock,319,1291,tie,tie,0,0,36,12
3b330851-c377-4934-b74d-01f0b0f57004,35,199c9e2b-8cae-4ab0-82f9-89aaf1c31605,75e0d5b8-d10a-4294-9cc9-8a56147aab19,1566946802721,paper,paper,345,724,tie,tie,0,0,36,12
3b330851-c377-4934-b74d-01f0b0f57004,36,199c9e2b-8cae-4ab0-82f9-89aaf1c31605,75e0d5b8-d10a-4294-9cc9-8a56147aab19,1566946804873,scissors,scissors,7,851,tie,tie,0,0,36,12
3b330851-c377-4934-b74d-01f0b0f57004,37,199c9e2b-8cae-4ab0-82f9-89aaf1c31605,75e0d5b8-d10a-4294-9cc9-8a56147aab19,1566946807081,scissors,rock,258,994,loss,win,-1,3,36,12
3b330851-c377-4934-b74d-01f0b0f57004,38,199c9e2b-8cae-4ab0-82f9-89aaf1c31605,75e0d5b8-d10a-4294-9cc9-8a56147aab19,1566946809281,scissors,rock,847,916,loss,win,-1,3,35,15
3b330851-c377-4934-b74d-01f0b0f57004,39,199c9e2b-8cae-4ab0-82f9-89aaf1c31605,75e0d5b8-d10a-4294-9cc9-8a56147aab19,1566946811649,paper,paper,694,579,tie,tie,0,0,34,18
3b330851-c377-4934-b74d-01f0b0f57004,40,199c9e2b-8cae-4ab0-82f9-89aaf1c31605,75e0d5b8-d10a-4294-9cc9-8a56147aab19,1566946813975,paper,rock,642,1333,win,loss,3,-1,34,18
3b330851-c377-4934-b74d-01f0b0f57004,41,199c9e2b-8cae-4ab0-82f9-89aaf1c31605,75e0d5b8-d10a-4294-9cc9-8a56147aab19,1566946816810,paper,paper,376,781,tie,tie,0,0,37,17
3b330851-c377-4934-b74d-01f0b0f57004,42,199c9e2b-8cae-4ab0-82f9-89aaf1c31605,75e0d5b8-d10a-4294-9cc9-8a56147aab19,1566946818730,scissors,scissors,48,1068,tie,tie,0,0,37,17
3b330851-c377-4934-b74d-01f0b0f57004,43,199c9e2b-8cae-4ab0-82f9-89aaf1c31605,75e0d5b8-d10a-4294-9cc9-8a56147aab19,1566946820723,rock,paper,831,818,loss,win,-1,3,37,17
3b330851-c377-4934-b74d-01f0b0f57004,44,199c9e2b-8cae-4ab0-82f9-89aaf1c31605,75e0d5b8-d10a-4294-9cc9-8a56147aab19,1566946823066,paper,rock,512,666,win,loss,3,-1,36,20
3b330851-c377-4934-b74d-01f0b0f57004,45,199c9e2b-8cae-4ab0-82f9-89aaf1c31605,75e0d5b8-d10a-4294-9cc9-8a56147aab19,1566946824795,paper,scissors,534,859,loss,win,-1,3,39,19
3b330851-c377-4934-b74d-01f0b0f57004,46,199c9e2b-8cae-4ab0-82f9-89aaf1c31605,75e0d5b8-d10a-4294-9cc9-8a56147aab19,1566946826611,paper,paper,353,706,tie,tie,0,0,38,22
3b330851-c377-4934-b74d-01f0b0f57004,47,199c9e2b-8cae-4ab0-82f9-89aaf1c31605,75e0d5b8-d10a-4294-9cc9-8a56147aab19,1566946828270,scissors,scissors,717,1246,tie,tie,0,0,38,22
3b330851-c377-4934-b74d-01f0b0f57004,48,199c9e2b-8cae-4ab0-82f9-89aaf1c31605,75e0d5b8-d10a-4294-9cc9-8a56147aab19,1566946830546,scissors,rock,447,693,loss,win,-1,3,38,22
3b330851-c377-4934-b74d-01f0b0f57004,49,199c9e2b-8cae-4ab0-82f9-89aaf1c31605,75e0d5b8-d10a-4294-9cc9-8a56147aab19,1566946832258,scissors,paper,424,867,win,loss,3,-1,37,25
3b330851-c377-4934-b74d-01f0b0f57004,50,199c9e2b-8cae-4ab0-82f9-89aaf1c31605,75e0d5b8-d10a-4294-9cc9-8a56147aab19,1566946834138,rock,rock,576,566,tie,tie,0,0,40,24
3b330851-c377-4934-b74d-01f0b0f57004,51,199c9e2b-8cae-4ab0-82f9-89aaf1c31605,75e0d5b8-d10a-4294-9cc9-8a56147aab19,1566946836602,paper,rock,624,1529,win,loss,3,-1,40,24
3b330851-c377-4934-b74d-01f0b0f57004,52,199c9e2b-8cae-4ab0-82f9-89aaf1c31605,75e0d5b8-d10a-4294-9cc9-8a56147aab19,1566946839298,paper,paper,656,620,tie,tie,0,0,43,23
3b330851-c377-4934-b74d-01f0b0f57004,53,199c9e2b-8cae-4ab0-82f9-89aaf1c31605,75e0d5b8-d10a-4294-9cc9-8a56147aab19,1566946841763,scissors,scissors,430,1330,tie,tie,0,0,43,23
3b330851-c377-4934-b74d-01f0b0f57004,54,199c9e2b-8cae-4ab0-82f9-89aaf1c31605,75e0d5b8-d10a-4294-9cc9-8a56147aab19,1566946845066,paper,paper,1240,1139,tie,tie,0,0,43,23
3b330851-c377-4934-b74d-01f0b0f57004,55,199c9e2b-8cae-4ab0-82f9-89aaf1c31605,75e0d5b8-d10a-4294-9cc9-8a56147aab19,1566946847511,rock,rock,804,1055,tie,tie,0,0,43,23
3b330851-c377-4934-b74d-01f0b0f57004,56,199c9e2b-8cae-4ab0-82f9-89aaf1c31605,75e0d5b8-d10a-4294-9cc9-8a56147aab19,1566946849719,paper,scissors,523,390,loss,win,-1,3,43,23
3b330851-c377-4934-b74d-01f0b0f57004,57,199c9e2b-8cae-4ab0-82f9-89aaf1c31605,75e0d5b8-d10a-4294-9cc9-8a56147aab19,1566946851719,scissors,paper,595,134,win,loss,3,-1,42,26
3b330851-c377-4934-b74d-01f0b0f57004,58,199c9e2b-8cae-4ab0-82f9-89aaf1c31605,75e0d5b8-d10a-4294-9cc9-8a56147aab19,1566946853708,scissors,scissors,310,508,tie,tie,0,0,45,25
3b330851-c377-4934-b74d-01f0b0f57004,59,199c9e2b-8cae-4ab0-82f9-89aaf1c31605,75e0d5b8-d10a-4294-9cc9-8a56147aab19,1566946856964,paper,paper,672,2993,tie,tie,0,0,45,25
3b330851-c377-4934-b74d-01f0b0f57004,60,199c9e2b-8cae-4ab0-82f9-89aaf1c31605,75e0d5b8-d10a-4294-9cc9-8a56147aab19,1566946861242,paper,rock,409,948,win,loss,3,-1,45,25
3b330851-c377-4934-b74d-01f0b0f57004,61,199c9e2b-8cae-4ab0-82f9-89aaf1c31605,75e0d5b8-d10a-4294-9cc9-8a56147aab19,1566946863467,paper,scissors,457,995,loss,win,-1,3,48,24
3b330851-c377-4934-b74d-01f0b0f57004,62,199c9e2b-8cae-4ab0-82f9-89aaf1c31605,75e0d5b8-d10a-4294-9cc9-8a56147aab19,1566946865691,scissors,paper,537,1003,win,loss,3,-1,47,27
3b330851-c377-4934-b74d-01f0b0f57004,63,199c9e2b-8cae-4ab0-82f9-89aaf1c31605,75e0d5b8-d10a-4294-9cc9-8a56147aab19,1566946870392,scissors,rock,691,1983,loss,win,-1,3,50,26
3b330851-c377-4934-b74d-01f0b0f57004,64,199c9e2b-8cae-4ab0-82f9-89aaf1c31605,75e0d5b8-d10a-4294-9cc9-8a56147aab19,1566946873832,rock,rock,668,1830,tie,tie,0,0,49,29
3b330851-c377-4934-b74d-01f0b0f57004,65,199c9e2b-8cae-4ab0-82f9-89aaf1c31605,75e0d5b8-d10a-4294-9cc9-8a56147aab19,1566946876835,paper,paper,329,1043,tie,tie,0,0,49,29
3b330851-c377-4934-b74d-01f0b0f57004,66,199c9e2b-8cae-4ab0-82f9-89aaf1c31605,75e0d5b8-d10a-4294-9cc9-8a56147aab19,1566946879299,scissors,rock,280,1467,loss,win,-1,3,49,29
3b330851-c377-4934-b74d-01f0b0f57004,67,199c9e2b-8cae-4ab0-82f9-89aaf1c31605,75e0d5b8-d10a-4294-9cc9-8a56147aab19,1566946882131,rock,rock,345,1122,tie,tie,0,0,48,32
3b330851-c377-4934-b74d-01f0b0f57004,68,199c9e2b-8cae-4ab0-82f9-89aaf1c31605,75e0d5b8-d10a-4294-9cc9-8a56147aab19,1566946884696,rock,scissors,467,1350,win,loss,3,-1,48,32
3b330851-c377-4934-b74d-01f0b0f57004,69,199c9e2b-8cae-4ab0-82f9-89aaf1c31605,75e0d5b8-d10a-4294-9cc9-8a56147aab19,1566946887424,scissors,paper,825,781,win,loss,3,-1,51,31
3b330851-c377-4934-b74d-01f0b0f57004,70,199c9e2b-8cae-4ab0-82f9-89aaf1c31605,75e0d5b8-d10a-4294-9cc9-8a56147aab19,1566946890179,scissors,rock,456,723,loss,win,-1,3,54,30
3b330851-c377-4934-b74d-01f0b0f57004,71,199c9e2b-8cae-4ab0-82f9-89aaf1c31605,75e0d5b8-d10a-4294-9cc9-8a56147aab19,1566946892019,scissors,rock,401,1051,loss,win,-1,3,53,33
3b330851-c377-4934-b74d-01f0b0f57004,72,199c9e2b-8cae-4ab0-82f9-89aaf1c31605,75e0d5b8-d10a-4294-9cc9-8a56147aab19,1566946894579,paper,scissors,15,2115,loss,win,-1,3,52,36
3b330851-c377-4934-b74d-01f0b0f57004,73,199c9e2b-8cae-4ab0-82f9-89aaf1c31605,75e0d5b8-d10a-4294-9cc9-8a56147aab19,1566946897739,rock,rock,1354,1723,tie,tie,0,0,51,39
3b330851-c377-4934-b74d-01f0b0f57004,74,199c9e2b-8cae-4ab0-82f9-89aaf1c31605,75e0d5b8-d10a-4294-9cc9-8a56147aab19,1566946900841,rock,paper,468,663,loss,win,-1,3,51,39
3b330851-c377-4934-b74d-01f0b0f57004,75,199c9e2b-8cae-4ab0-82f9-89aaf1c31605,75e0d5b8-d10a-4294-9cc9-8a56147aab19,1566946902859,scissors,scissors,434,995,tie,tie,0,0,50,42
3b330851-c377-4934-b74d-01f0b0f57004,76,199c9e2b-8cae-4ab0-82f9-89aaf1c31605,75e0d5b8-d10a-4294-9cc9-8a56147aab19,1566946904972,scissors,rock,375,698,loss,win,-1,3,50,42
3b330851-c377-4934-b74d-01f0b0f57004,77,199c9e2b-8cae-4ab0-82f9-89aaf1c31605,75e0d5b8-d10a-4294-9cc9-8a56147aab19,1566946906652,paper,rock,313,1533,win,loss,3,-1,49,45
3b330851-c377-4934-b74d-01f0b0f57004,78,199c9e2b-8cae-4ab0-82f9-89aaf1c31605,75e0d5b8-d10a-4294-9cc9-8a56147aab19,1566946909316,paper,paper,337,565,tie,tie,0,0,52,44
3b330851-c377-4934-b74d-01f0b0f57004,79,199c9e2b-8cae-4ab0-82f9-89aaf1c31605,75e0d5b8-d10a-4294-9cc9-8a56147aab19,1566946912068,paper,scissors,593,828,loss,win,-1,3,52,44
3b330851-c377-4934-b74d-01f0b0f57004,80,199c9e2b-8cae-4ab0-82f9-89aaf1c31605,75e0d5b8-d10a-4294-9cc9-8a56147aab19,1566946914089,scissors,rock,539,1517,loss,win,-1,3,51,47
3b330851-c377-4934-b74d-01f0b0f57004,81,199c9e2b-8cae-4ab0-82f9-89aaf1c31605,75e0d5b8-d10a-4294-9cc9-8a56147aab19,1566946916700,rock,rock,1888,1804,tie,tie,0,0,50,50
3b330851-c377-4934-b74d-01f0b0f57004,82,199c9e2b-8cae-4ab0-82f9-89aaf1c31605,75e0d5b8-d10a-4294-9cc9-8a56147aab19,1566946919865,scissors,paper,2149,1240,win,loss,3,-1,50,50
3b330851-c377-4934-b74d-01f0b0f57004,83,199c9e2b-8cae-4ab0-82f9-89aaf1c31605,75e0d5b8-d10a-4294-9cc9-8a56147aab19,1566946923204,rock,scissors,1474,500,win,loss,3,-1,53,49
3b330851-c377-4934-b74d-01f0b0f57004,84,199c9e2b-8cae-4ab0-82f9-89aaf1c31605,75e0d5b8-d10a-4294-9cc9-8a56147aab19,1566946925901,rock,rock,1158,1016,tie,tie,0,0,56,48
3b330851-c377-4934-b74d-01f0b0f57004,85,199c9e2b-8cae-4ab0-82f9-89aaf1c31605,75e0d5b8-d10a-4294-9cc9-8a56147aab19,1566946928106,scissors,rock,2588,590,loss,win,-1,3,56,48
3b330851-c377-4934-b74d-01f0b0f57004,86,199c9e2b-8cae-4ab0-82f9-89aaf1c31605,75e0d5b8-d10a-4294-9cc9-8a56147aab19,1566946932108,paper,paper,714,2171,tie,tie,0,0,55,51
3b330851-c377-4934-b74d-01f0b0f57004,87,199c9e2b-8cae-4ab0-82f9-89aaf1c31605,75e0d5b8-d10a-4294-9cc9-8a56147aab19,1566946935380,scissors,scissors,1008,827,tie,tie,0,0,55,51
3b330851-c377-4934-b74d-01f0b0f57004,88,199c9e2b-8cae-4ab0-82f9-89aaf1c31605,75e0d5b8-d10a-4294-9cc9-8a56147aab19,1566946937357,rock,rock,1106,722,tie,tie,0,0,55,51
3b330851-c377-4934-b74d-01f0b0f57004,89,199c9e2b-8cae-4ab0-82f9-89aaf1c31605,75e0d5b8-d10a-4294-9cc9-8a56147aab19,1566946939458,scissors,paper,563,670,win,loss,3,-1,55,51
3b330851-c377-4934-b74d-01f0b0f57004,90,199c9e2b-8cae-4ab0-82f9-89aaf1c31605,75e0d5b8-d10a-4294-9cc9-8a56147aab19,1566946941260,paper,rock,1689,1891,win,loss,3,-1,58,50
3b330851-c377-4934-b74d-01f0b0f57004,91,199c9e2b-8cae-4ab0-82f9-89aaf1c31605,75e0d5b8-d10a-4294-9cc9-8a56147aab19,1566946944356,scissors,scissors,984,636,tie,tie,0,0,61,49
3b330851-c377-4934-b74d-01f0b0f57004,92,199c9e2b-8cae-4ab0-82f9-89aaf1c31605,75e0d5b8-d10a-4294-9cc9-8a56147aab19,1566946946189,rock,paper,1201,724,loss,win,-1,3,61,49
3b330851-c377-4934-b74d-01f0b0f57004,93,199c9e2b-8cae-4ab0-82f9-89aaf1c31605,75e0d5b8-d10a-4294-9cc9-8a56147aab19,1566946948661,paper,rock,1345,1356,win,loss,3,-1,60,52
3b330851-c377-4934-b74d-01f0b0f57004,94,199c9e2b-8cae-4ab0-82f9-89aaf1c31605,75e0d5b8-d10a-4294-9cc9-8a56147aab19,1566946951842,scissors,paper,3243,774,win,loss,3,-1,63,51
3b330851-c377-4934-b74d-01f0b0f57004,95,199c9e2b-8cae-4ab0-82f9-89aaf1c31605,75e0d5b8-d10a-4294-9cc9-8a56147aab19,1566946956549,scissors,scissors,768,899,tie,tie,0,0,66,50
3b330851-c377-4934-b74d-01f0b0f57004,96,199c9e2b-8cae-4ab0-82f9-89aaf1c31605,75e0d5b8-d10a-4294-9cc9-8a56147aab19,1566946958414,paper,paper,410,468,tie,tie,0,0,66,50
3b330851-c377-4934-b74d-01f0b0f57004,97,199c9e2b-8cae-4ab0-82f9-89aaf1c31605,75e0d5b8-d10a-4294-9cc9-8a56147aab19,1566946959733,rock,rock,416,693,tie,tie,0,0,66,50
3b330851-c377-4934-b74d-01f0b0f57004,98,199c9e2b-8cae-4ab0-82f9-89aaf1c31605,75e0d5b8-d10a-4294-9cc9-8a56147aab19,1566946961309,scissors,rock,1276,845,loss,win,-1,3,66,50
3b330851-c377-4934-b74d-01f0b0f57004,99,199c9e2b-8cae-4ab0-82f9-89aaf1c31605,75e0d5b8-d10a-4294-9cc9-8a56147aab19,1566946963492,scissors,paper,1356,805,win,loss,3,-1,65,53
3b330851-c377-4934-b74d-01f0b0f57004,100,199c9e2b-8cae-4ab0-82f9-89aaf1c31605,75e0d5b8-d10a-4294-9cc9-8a56147aab19,1566946966189,rock,rock,739,1572,tie,tie,0,0,68,52
3b330851-c377-4934-b74d-01f0b0f57004,101,199c9e2b-8cae-4ab0-82f9-89aaf1c31605,75e0d5b8-d10a-4294-9cc9-8a56147aab19,1566946968461,scissors,rock,550,1268,loss,win,-1,3,68,52
3b330851-c377-4934-b74d-01f0b0f57004,102,199c9e2b-8cae-4ab0-82f9-89aaf1c31605,75e0d5b8-d10a-4294-9cc9-8a56147aab19,1566946970661,paper,paper,139,1491,tie,tie,0,0,67,55
3b330851-c377-4934-b74d-01f0b0f57004,103,199c9e2b-8cae-4ab0-82f9-89aaf1c31605,75e0d5b8-d10a-4294-9cc9-8a56147aab19,1566946972917,rock,scissors,3329,547,win,loss,3,-1,67,55
3b330851-c377-4934-b74d-01f0b0f57004,104,199c9e2b-8cae-4ab0-82f9-89aaf1c31605,75e0d5b8-d10a-4294-9cc9-8a56147aab19,1566946977613,paper,rock,1689,1035,win,loss,3,-1,70,54
3b330851-c377-4934-b74d-01f0b0f57004,105,199c9e2b-8cae-4ab0-82f9-89aaf1c31605,75e0d5b8-d10a-4294-9cc9-8a56147aab19,1566946980379,scissors,paper,1466,1014,win,loss,3,-1,73,53
3b330851-c377-4934-b74d-01f0b0f57004,106,199c9e2b-8cae-4ab0-82f9-89aaf1c31605,75e0d5b8-d10a-4294-9cc9-8a56147aab19,1566946983630,rock,scissors,1994,964,win,loss,3,-1,76,52
3b330851-c377-4934-b74d-01f0b0f57004,107,199c9e2b-8cae-4ab0-82f9-89aaf1c31605,75e0d5b8-d10a-4294-9cc9-8a56147aab19,1566946987062,scissors,rock,850,661,loss,win,-1,3,79,51
3b330851-c377-4934-b74d-01f0b0f57004,108,199c9e2b-8cae-4ab0-82f9-89aaf1c31605,75e0d5b8-d10a-4294-9cc9-8a56147aab19,1566946989635,rock,paper,677,1221,loss,win,-1,3,78,54
3b330851-c377-4934-b74d-01f0b0f57004,109,199c9e2b-8cae-4ab0-82f9-89aaf1c31605,75e0d5b8-d10a-4294-9cc9-8a56147aab19,1566946991750,rock,rock,3002,1763,tie,tie,0,0,77,57
3b330851-c377-4934-b74d-01f0b0f57004,110,199c9e2b-8cae-4ab0-82f9-89aaf1c31605,75e0d5b8-d10a-4294-9cc9-8a56147aab19,1566946995741,scissors,paper,516,884,win,loss,3,-1,77,57
3b330851-c377-4934-b74d-01f0b0f57004,111,199c9e2b-8cae-4ab0-82f9-89aaf1c31605,75e0d5b8-d10a-4294-9cc9-8a56147aab19,1566946997880,scissors,scissors,256,713,tie,tie,0,0,80,56
3b330851-c377-4934-b74d-01f0b0f57004,112,199c9e2b-8cae-4ab0-82f9-89aaf1c31605,75e0d5b8-d10a-4294-9cc9-8a56147aab19,1566946999827,paper,rock,2292,671,win,loss,3,-1,80,56
3b330851-c377-4934-b74d-01f0b0f57004,113,199c9e2b-8cae-4ab0-82f9-89aaf1c31605,75e0d5b8-d10a-4294-9cc9-8a56147aab19,1566947003334,scissors,paper,481,568,win,loss,3,-1,83,55
3b330851-c377-4934-b74d-01f0b0f57004,114,199c9e2b-8cae-4ab0-82f9-89aaf1c31605,75e0d5b8-d10a-4294-9cc9-8a56147aab19,1566947006950,paper,scissors,466,1236,loss,win,-1,3,86,54
3b330851-c377-4934-b74d-01f0b0f57004,115,199c9e2b-8cae-4ab0-82f9-89aaf1c31605,75e0d5b8-d10a-4294-9cc9-8a56147aab19,1566947009750,scissors,rock,1371,1531,loss,win,-1,3,85,57
3b330851-c377-4934-b74d-01f0b0f57004,116,199c9e2b-8cae-4ab0-82f9-89aaf1c31605,75e0d5b8-d10a-4294-9cc9-8a56147aab19,1566947012839,rock,rock,26,1459,tie,tie,0,0,84,60
3b330851-c377-4934-b74d-01f0b0f57004,117,199c9e2b-8cae-4ab0-82f9-89aaf1c31605,75e0d5b8-d10a-4294-9cc9-8a56147aab19,1566947015638,paper,paper,409,835,tie,tie,0,0,84,60
3b330851-c377-4934-b74d-01f0b0f57004,118,199c9e2b-8cae-4ab0-82f9-89aaf1c31605,75e0d5b8-d10a-4294-9cc9-8a56147aab19,1566947017438,rock,scissors,1369,1747,win,loss,3,-1,84,60
3b330851-c377-4934-b74d-01f0b0f57004,119,199c9e2b-8cae-4ab0-82f9-89aaf1c31605,75e0d5b8-d10a-4294-9cc9-8a56147aab19,1566947020607,rock,rock,409,1020,tie,tie,0,0,87,59
3b330851-c377-4934-b74d-01f0b0f57004,120,199c9e2b-8cae-4ab0-82f9-89aaf1c31605,75e0d5b8-d10a-4294-9cc9-8a56147aab19,1566947022639,scissors,rock,1201,1218,loss,win,-1,3,87,59
3b330851-c377-4934-b74d-01f0b0f57004,121,199c9e2b-8cae-4ab0-82f9-89aaf1c31605,75e0d5b8-d10a-4294-9cc9-8a56147aab19,1566947024807,scissors,paper,1161,1219,win,loss,3,-1,86,62
3b330851-c377-4934-b74d-01f0b0f57004,122,199c9e2b-8cae-4ab0-82f9-89aaf1c31605,75e0d5b8-d10a-4294-9cc9-8a56147aab19,1566947027000,paper,rock,768,690,win,loss,3,-1,89,61
3b330851-c377-4934-b74d-01f0b0f57004,123,199c9e2b-8cae-4ab0-82f9-89aaf1c31605,75e0d5b8-d10a-4294-9cc9-8a56147aab19,1566947029343,scissors,scissors,802,500,tie,tie,0,0,92,60
3b330851-c377-4934-b74d-01f0b0f57004,124,199c9e2b-8cae-4ab0-82f9-89aaf1c31605,75e0d5b8-d10a-4294-9cc9-8a56147aab19,1566947030983,paper,paper,1248,747,tie,tie,0,0,92,60
3b330851-c377-4934-b74d-01f0b0f57004,125,199c9e2b-8cae-4ab0-82f9-89aaf1c31605,75e0d5b8-d10a-4294-9cc9-8a56147aab19,1566947033062,paper,rock,643,709,win,loss,3,-1,92,60
3b330851-c377-4934-b74d-01f0b0f57004,126,199c9e2b-8cae-4ab0-82f9-89aaf1c31605,75e0d5b8-d10a-4294-9cc9-8a56147aab19,1566947034829,scissors,scissors,516,566,tie,tie,0,0,95,59
3b330851-c377-4934-b74d-01f0b0f57004,127,199c9e2b-8cae-4ab0-82f9-89aaf1c31605,75e0d5b8-d10a-4294-9cc9-8a56147aab19,1566947036200,paper,paper,496,578,tie,tie,0,0,95,59
3b330851-c377-4934-b74d-01f0b0f57004,128,199c9e2b-8cae-4ab0-82f9-89aaf1c31605,75e0d5b8-d10a-4294-9cc9-8a56147aab19,1566947037535,rock,rock,450,747,tie,tie,0,0,95,59
3b330851-c377-4934-b74d-01f0b0f57004,129,199c9e2b-8cae-4ab0-82f9-89aaf1c31605,75e0d5b8-d10a-4294-9cc9-8a56147aab19,1566947039032,scissors,paper,369,603,win,loss,3,-1,95,59
3b330851-c377-4934-b74d-01f0b0f57004,130,199c9e2b-8cae-4ab0-82f9-89aaf1c31605,75e0d5b8-d10a-4294-9cc9-8a56147aab19,1566947040735,scissors,rock,661,507,loss,win,-1,3,98,58
3b330851-c377-4934-b74d-01f0b0f57004,131,199c9e2b-8cae-4ab0-82f9-89aaf1c31605,75e0d5b8-d10a-4294-9cc9-8a56147aab19,1566947042781,paper,paper,964,1343,tie,tie,0,0,97,61
3b330851-c377-4934-b74d-01f0b0f57004,132,199c9e2b-8cae-4ab0-82f9-89aaf1c31605,75e0d5b8-d10a-4294-9cc9-8a56147aab19,1566947045192,paper,scissors,296,635,loss,win,-1,3,97,61
3b330851-c377-4934-b74d-01f0b0f57004,133,199c9e2b-8cae-4ab0-82f9-89aaf1c31605,75e0d5b8-d10a-4294-9cc9-8a56147aab19,1566947047334,paper,rock,621,749,win,loss,3,-1,96,64
3b330851-c377-4934-b74d-01f0b0f57004,134,199c9e2b-8cae-4ab0-82f9-89aaf1c31605,75e0d5b8-d10a-4294-9cc9-8a56147aab19,1566947049319,scissors,paper,379,932,win,loss,3,-1,99,63
3b330851-c377-4934-b74d-01f0b0f57004,135,199c9e2b-8cae-4ab0-82f9-89aaf1c31605,75e0d5b8-d10a-4294-9cc9-8a56147aab19,1566947051129,scissors,scissors,440,569,tie,tie,0,0,102,62
3b330851-c377-4934-b74d-01f0b0f57004,136,199c9e2b-8cae-4ab0-82f9-89aaf1c31605,75e0d5b8-d10a-4294-9cc9-8a56147aab19,1566947052817,scissors,rock,320,866,loss,win,-1,3,102,62
3b330851-c377-4934-b74d-01f0b0f57004,137,199c9e2b-8cae-4ab0-82f9-89aaf1c31605,75e0d5b8-d10a-4294-9cc9-8a56147aab19,1566947055096,paper,rock,364,1155,win,loss,3,-1,101,65
3b330851-c377-4934-b74d-01f0b0f57004,138,199c9e2b-8cae-4ab0-82f9-89aaf1c31605,75e0d5b8-d10a-4294-9cc9-8a56147aab19,1566947057263,paper,paper,561,419,tie,tie,0,0,104,64
3b330851-c377-4934-b74d-01f0b0f57004,139,199c9e2b-8cae-4ab0-82f9-89aaf1c31605,75e0d5b8-d10a-4294-9cc9-8a56147aab19,1566947060630,scissors,scissors,949,788,tie,tie,0,0,104,64
3b330851-c377-4934-b74d-01f0b0f57004,140,199c9e2b-8cae-4ab0-82f9-89aaf1c31605,75e0d5b8-d10a-4294-9cc9-8a56147aab19,1566947062736,scissors,rock,546,916,loss,win,-1,3,104,64
3b330851-c377-4934-b74d-01f0b0f57004,141,199c9e2b-8cae-4ab0-82f9-89aaf1c31605,75e0d5b8-d10a-4294-9cc9-8a56147aab19,1566947064896,rock,paper,618,980,loss,win,-1,3,103,67
3b330851-c377-4934-b74d-01f0b0f57004,142,199c9e2b-8cae-4ab0-82f9-89aaf1c31605,75e0d5b8-d10a-4294-9cc9-8a56147aab19,1566947067462,rock,rock,1227,1573,tie,tie,0,0,102,70
3b330851-c377-4934-b74d-01f0b0f57004,143,199c9e2b-8cae-4ab0-82f9-89aaf1c31605,75e0d5b8-d10a-4294-9cc9-8a56147aab19,1566947069961,rock,scissors,944,570,win,loss,3,-1,102,70
3b330851-c377-4934-b74d-01f0b0f57004,144,199c9e2b-8cae-4ab0-82f9-89aaf1c31605,75e0d5b8-d10a-4294-9cc9-8a56147aab19,1566947071880,rock,paper,1617,547,loss,win,-1,3,105,69
3b330851-c377-4934-b74d-01f0b0f57004,145,199c9e2b-8cae-4ab0-82f9-89aaf1c31605,75e0d5b8-d10a-4294-9cc9-8a56147aab19,1566947074449,scissors,rock,570,994,loss,win,-1,3,104,72
3b330851-c377-4934-b74d-01f0b0f57004,146,199c9e2b-8cae-4ab0-82f9-89aaf1c31605,75e0d5b8-d10a-4294-9cc9-8a56147aab19,1566947076626,scissors,paper,280,1913,win,loss,3,-1,103,75
3b330851-c377-4934-b74d-01f0b0f57004,147,199c9e2b-8cae-4ab0-82f9-89aaf1c31605,75e0d5b8-d10a-4294-9cc9-8a56147aab19,1566947079586,rock,scissors,721,545,win,loss,3,-1,106,74
3b330851-c377-4934-b74d-01f0b0f57004,148,199c9e2b-8cae-4ab0-82f9-89aaf1c31605,75e0d5b8-d10a-4294-9cc9-8a56147aab19,1566947081200,scissors,rock,451,738,loss,win,-1,3,109,73
3b330851-c377-4934-b74d-01f0b0f57004,149,199c9e2b-8cae-4ab0-82f9-89aaf1c31605,75e0d5b8-d10a-4294-9cc9-8a56147aab19,1566947082760,rock,paper,403,1444,loss,win,-1,3,108,76
3b330851-c377-4934-b74d-01f0b0f57004,150,199c9e2b-8cae-4ab0-82f9-89aaf1c31605,75e0d5b8-d10a-4294-9cc9-8a56147aab19,1566947085121,rock,rock,522,3114,tie,tie,0,0,107,79
3b330851-c377-4934-b74d-01f0b0f57004,151,199c9e2b-8cae-4ab0-82f9-89aaf1c31605,75e0d5b8-d10a-4294-9cc9-8a56147aab19,1566947089480,scissors,scissors,58,979,tie,tie,0,0,107,79
3b330851-c377-4934-b74d-01f0b0f57004,152,199c9e2b-8cae-4ab0-82f9-89aaf1c31605,75e0d5b8-d10a-4294-9cc9-8a56147aab19,1566947091577,paper,paper,345,1203,tie,tie,0,0,107,79
3b330851-c377-4934-b74d-01f0b0f57004,153,199c9e2b-8cae-4ab0-82f9-89aaf1c31605,75e0d5b8-d10a-4294-9cc9-8a56147aab19,1566947093921,paper,rock,474,1227,win,loss,3,-1,107,79
3b330851-c377-4934-b74d-01f0b0f57004,154,199c9e2b-8cae-4ab0-82f9-89aaf1c31605,75e0d5b8-d10a-4294-9cc9-8a56147aab19,1566947096791,scissors,paper,1228,861,win,loss,3,-1,110,78
3b330851-c377-4934-b74d-01f0b0f57004,155,199c9e2b-8cae-4ab0-82f9-89aaf1c31605,75e0d5b8-d10a-4294-9cc9-8a56147aab19,1566947099504,scissors,scissors,683,556,tie,tie,0,0,113,77
3b330851-c377-4934-b74d-01f0b0f57004,156,199c9e2b-8cae-4ab0-82f9-89aaf1c31605,75e0d5b8-d10a-4294-9cc9-8a56147aab19,1566947101050,scissors,rock,464,1834,loss,win,-1,3,113,77
3b330851-c377-4934-b74d-01f0b0f57004,157,199c9e2b-8cae-4ab0-82f9-89aaf1c31605,75e0d5b8-d10a-4294-9cc9-8a56147aab19,1566947104008,scissors,rock,484,1389,loss,win,-1,3,112,80
3b330851-c377-4934-b74d-01f0b0f57004,158,199c9e2b-8cae-4ab0-82f9-89aaf1c31605,75e0d5b8-d10a-4294-9cc9-8a56147aab19,1566947106233,scissors,paper,482,2044,win,loss,3,-1,111,83
3b330851-c377-4934-b74d-01f0b0f57004,159,199c9e2b-8cae-4ab0-82f9-89aaf1c31605,75e0d5b8-d10a-4294-9cc9-8a56147aab19,1566947109185,rock,rock,394,931,tie,tie,0,0,114,82
3b330851-c377-4934-b74d-01f0b0f57004,160,199c9e2b-8cae-4ab0-82f9-89aaf1c31605,75e0d5b8-d10a-4294-9cc9-8a56147aab19,1566947111050,scissors,paper,2302,988,win,loss,3,-1,114,82
3b330851-c377-4934-b74d-01f0b0f57004,161,199c9e2b-8cae-4ab0-82f9-89aaf1c31605,75e0d5b8-d10a-4294-9cc9-8a56147aab19,1566947114647,scissors,scissors,900,557,tie,tie,0,0,117,81
3b330851-c377-4934-b74d-01f0b0f57004,162,199c9e2b-8cae-4ab0-82f9-89aaf1c31605,75e0d5b8-d10a-4294-9cc9-8a56147aab19,1566947118073,rock,rock,698,572,tie,tie,0,0,117,81
3b330851-c377-4934-b74d-01f0b0f57004,163,199c9e2b-8cae-4ab0-82f9-89aaf1c31605,75e0d5b8-d10a-4294-9cc9-8a56147aab19,1566947119857,scissors,rock,1627,628,loss,win,-1,3,117,81
3b330851-c377-4934-b74d-01f0b0f57004,164,199c9e2b-8cae-4ab0-82f9-89aaf1c31605,75e0d5b8-d10a-4294-9cc9-8a56147aab19,1566947122697,scissors,paper,1403,1891,win,loss,3,-1,116,84
3b330851-c377-4934-b74d-01f0b0f57004,165,199c9e2b-8cae-4ab0-82f9-89aaf1c31605,75e0d5b8-d10a-4294-9cc9-8a56147aab19,1566947125576,scissors,scissors,491,621,tie,tie,0,0,119,83
3b330851-c377-4934-b74d-01f0b0f57004,166,199c9e2b-8cae-4ab0-82f9-89aaf1c31605,75e0d5b8-d10a-4294-9cc9-8a56147aab19,1566947127713,scissors,rock,2362,668,loss,win,-1,3,119,83
3b330851-c377-4934-b74d-01f0b0f57004,167,199c9e2b-8cae-4ab0-82f9-89aaf1c31605,75e0d5b8-d10a-4294-9cc9-8a56147aab19,1566947131281,scissors,paper,395,1155,win,loss,3,-1,118,86
3b330851-c377-4934-b74d-01f0b0f57004,168,199c9e2b-8cae-4ab0-82f9-89aaf1c31605,75e0d5b8-d10a-4294-9cc9-8a56147aab19,1566947133493,rock,rock,574,648,tie,tie,0,0,121,85
3b330851-c377-4934-b74d-01f0b0f57004,169,199c9e2b-8cae-4ab0-82f9-89aaf1c31605,75e0d5b8-d10a-4294-9cc9-8a56147aab19,1566947135075,rock,paper,440,794,loss,win,-1,3,121,85
3b330851-c377-4934-b74d-01f0b0f57004,170,199c9e2b-8cae-4ab0-82f9-89aaf1c31605,75e0d5b8-d10a-4294-9cc9-8a56147aab19,1566947137393,rock,scissors,483,1140,win,loss,3,-1,120,88
3b330851-c377-4934-b74d-01f0b0f57004,171,199c9e2b-8cae-4ab0-82f9-89aaf1c31605,75e0d5b8-d10a-4294-9cc9-8a56147aab19,1566947139570,scissors,paper,402,707,win,loss,3,-1,123,87
3b330851-c377-4934-b74d-01f0b0f57004,172,199c9e2b-8cae-4ab0-82f9-89aaf1c31605,75e0d5b8-d10a-4294-9cc9-8a56147aab19,1566947142986,paper,rock,634,765,win,loss,3,-1,126,86
3b330851-c377-4934-b74d-01f0b0f57004,173,199c9e2b-8cae-4ab0-82f9-89aaf1c31605,75e0d5b8-d10a-4294-9cc9-8a56147aab19,1566947145242,paper,paper,305,802,tie,tie,0,0,129,85
3b330851-c377-4934-b74d-01f0b0f57004,174,199c9e2b-8cae-4ab0-82f9-89aaf1c31605,75e0d5b8-d10a-4294-9cc9-8a56147aab19,1566947147202,rock,rock,1082,938,tie,tie,0,0,129,85
3b330851-c377-4934-b74d-01f0b0f57004,175,199c9e2b-8cae-4ab0-82f9-89aaf1c31605,75e0d5b8-d10a-4294-9cc9-8a56147aab19,1566947149226,scissors,rock,554,988,loss,win,-1,3,129,85
3b330851-c377-4934-b74d-01f0b0f57004,176,199c9e2b-8cae-4ab0-82f9-89aaf1c31605,75e0d5b8-d10a-4294-9cc9-8a56147aab19,1566947151018,rock,scissors,554,1180,win,loss,3,-1,128,88
3b330851-c377-4934-b74d-01f0b0f57004,177,199c9e2b-8cae-4ab0-82f9-89aaf1c31605,75e0d5b8-d10a-4294-9cc9-8a56147aab19,1566947153267,rock,paper,640,666,loss,win,-1,3,131,87
3b330851-c377-4934-b74d-01f0b0f57004,178,199c9e2b-8cae-4ab0-82f9-89aaf1c31605,75e0d5b8-d10a-4294-9cc9-8a56147aab19,1566947155042,rock,rock,747,2014,tie,tie,0,0,130,90
3b330851-c377-4934-b74d-01f0b0f57004,179,199c9e2b-8cae-4ab0-82f9-89aaf1c31605,75e0d5b8-d10a-4294-9cc9-8a56147aab19,1566947159795,scissors,paper,353,1611,win,loss,3,-1,130,90
3b330851-c377-4934-b74d-01f0b0f57004,180,199c9e2b-8cae-4ab0-82f9-89aaf1c31605,75e0d5b8-d10a-4294-9cc9-8a56147aab19,1566947162538,scissors,rock,379,916,loss,win,-1,3,133,89
3b330851-c377-4934-b74d-01f0b0f57004,181,199c9e2b-8cae-4ab0-82f9-89aaf1c31605,75e0d5b8-d10a-4294-9cc9-8a56147aab19,1566947164674,scissors,rock,964,820,loss,win,-1,3,132,92
3b330851-c377-4934-b74d-01f0b0f57004,182,199c9e2b-8cae-4ab0-82f9-89aaf1c31605,75e0d5b8-d10a-4294-9cc9-8a56147aab19,1566947168137,paper,scissors,797,1461,loss,win,-1,3,131,95
3b330851-c377-4934-b74d-01f0b0f57004,183,199c9e2b-8cae-4ab0-82f9-89aaf1c31605,75e0d5b8-d10a-4294-9cc9-8a56147aab19,1566947170995,rock,scissors,418,955,win,loss,3,-1,130,98
3b330851-c377-4934-b74d-01f0b0f57004,184,199c9e2b-8cae-4ab0-82f9-89aaf1c31605,75e0d5b8-d10a-4294-9cc9-8a56147aab19,1566947172738,rock,rock,851,781,tie,tie,0,0,133,97
3b330851-c377-4934-b74d-01f0b0f57004,185,199c9e2b-8cae-4ab0-82f9-89aaf1c31605,75e0d5b8-d10a-4294-9cc9-8a56147aab19,1566947174803,rock,paper,410,693,loss,win,-1,3,133,97
3b330851-c377-4934-b74d-01f0b0f57004,186,199c9e2b-8cae-4ab0-82f9-89aaf1c31605,75e0d5b8-d10a-4294-9cc9-8a56147aab19,1566947176643,scissors,scissors,531,2586,tie,tie,0,0,132,100
3b330851-c377-4934-b74d-01f0b0f57004,187,199c9e2b-8cae-4ab0-82f9-89aaf1c31605,75e0d5b8-d10a-4294-9cc9-8a56147aab19,1566947180380,scissors,paper,282,3442,win,loss,3,-1,132,100
3b330851-c377-4934-b74d-01f0b0f57004,188,199c9e2b-8cae-4ab0-82f9-89aaf1c31605,75e0d5b8-d10a-4294-9cc9-8a56147aab19,1566947185139,rock,scissors,107,1027,win,loss,3,-1,135,99
3b330851-c377-4934-b74d-01f0b0f57004,189,199c9e2b-8cae-4ab0-82f9-89aaf1c31605,75e0d5b8-d10a-4294-9cc9-8a56147aab19,1566947188619,rock,rock,594,931,tie,tie,0,0,138,98
3b330851-c377-4934-b74d-01f0b0f57004,190,199c9e2b-8cae-4ab0-82f9-89aaf1c31605,75e0d5b8-d10a-4294-9cc9-8a56147aab19,1566947190498,scissors,rock,611,694,loss,win,-1,3,138,98
3b330851-c377-4934-b74d-01f0b0f57004,191,199c9e2b-8cae-4ab0-82f9-89aaf1c31605,75e0d5b8-d10a-4294-9cc9-8a56147aab19,1566947192195,scissors,scissors,547,1051,tie,tie,0,0,137,101
3b330851-c377-4934-b74d-01f0b0f57004,192,199c9e2b-8cae-4ab0-82f9-89aaf1c31605,75e0d5b8-d10a-4294-9cc9-8a56147aab19,1566947194467,paper,rock,410,1220,win,loss,3,-1,137,101
3b330851-c377-4934-b74d-01f0b0f57004,193,199c9e2b-8cae-4ab0-82f9-89aaf1c31605,75e0d5b8-d10a-4294-9cc9-8a56147aab19,1566947196757,paper,paper,433,1666,tie,tie,0,0,140,100
3b330851-c377-4934-b74d-01f0b0f57004,194,199c9e2b-8cae-4ab0-82f9-89aaf1c31605,75e0d5b8-d10a-4294-9cc9-8a56147aab19,1566947199604,rock,rock,1146,673,tie,tie,0,0,140,100
3b330851-c377-4934-b74d-01f0b0f57004,195,199c9e2b-8cae-4ab0-82f9-89aaf1c31605,75e0d5b8-d10a-4294-9cc9-8a56147aab19,1566947201683,scissors,rock,515,1684,loss,win,-1,3,140,100
3b330851-c377-4934-b74d-01f0b0f57004,196,199c9e2b-8cae-4ab0-82f9-89aaf1c31605,75e0d5b8-d10a-4294-9cc9-8a56147aab19,1566947204466,rock,paper,1348,1789,loss,win,-1,3,139,103
3b330851-c377-4934-b74d-01f0b0f57004,197,199c9e2b-8cae-4ab0-82f9-89aaf1c31605,75e0d5b8-d10a-4294-9cc9-8a56147aab19,1566947207331,rock,scissors,530,1804,win,loss,3,-1,138,106
3b330851-c377-4934-b74d-01f0b0f57004,198,199c9e2b-8cae-4ab0-82f9-89aaf1c31605,75e0d5b8-d10a-4294-9cc9-8a56147aab19,1566947210204,scissors,paper,354,833,win,loss,3,-1,141,105
3b330851-c377-4934-b74d-01f0b0f57004,199,199c9e2b-8cae-4ab0-82f9-89aaf1c31605,75e0d5b8-d10a-4294-9cc9-8a56147aab19,1566947212460,paper,rock,603,724,win,loss,3,-1,144,104
3b330851-c377-4934-b74d-01f0b0f57004,200,199c9e2b-8cae-4ab0-82f9-89aaf1c31605,75e0d5b8-d10a-4294-9cc9-8a56147aab19,1566947214219,paper,scissors,899,595,loss,win,-1,3,147,103
3b330851-c377-4934-b74d-01f0b0f57004,201,199c9e2b-8cae-4ab0-82f9-89aaf1c31605,75e0d5b8-d10a-4294-9cc9-8a56147aab19,1566947216356,scissors,paper,427,635,win,loss,3,-1,146,106
3b330851-c377-4934-b74d-01f0b0f57004,202,199c9e2b-8cae-4ab0-82f9-89aaf1c31605,75e0d5b8-d10a-4294-9cc9-8a56147aab19,1566947218819,scissors,scissors,516,6,tie,tie,0,0,149,105
3b330851-c377-4934-b74d-01f0b0f57004,203,199c9e2b-8cae-4ab0-82f9-89aaf1c31605,75e0d5b8-d10a-4294-9cc9-8a56147aab19,1566947220283,rock,rock,675,1886,tie,tie,0,0,149,105
3b330851-c377-4934-b74d-01f0b0f57004,204,199c9e2b-8cae-4ab0-82f9-89aaf1c31605,75e0d5b8-d10a-4294-9cc9-8a56147aab19,1566947223373,rock,scissors,321,489,win,loss,3,-1,149,105
3b330851-c377-4934-b74d-01f0b0f57004,205,199c9e2b-8cae-4ab0-82f9-89aaf1c31605,75e0d5b8-d10a-4294-9cc9-8a56147aab19,1566947226516,rock,rock,604,1202,tie,tie,0,0,152,104
3b330851-c377-4934-b74d-01f0b0f57004,206,199c9e2b-8cae-4ab0-82f9-89aaf1c31605,75e0d5b8-d10a-4294-9cc9-8a56147aab19,1566947228764,scissors,paper,675,1219,win,loss,3,-1,152,104
3b330851-c377-4934-b74d-01f0b0f57004,207,199c9e2b-8cae-4ab0-82f9-89aaf1c31605,75e0d5b8-d10a-4294-9cc9-8a56147aab19,1566947231084,scissors,rock,2034,787,loss,win,-1,3,155,103
3b330851-c377-4934-b74d-01f0b0f57004,208,199c9e2b-8cae-4ab0-82f9-89aaf1c31605,75e0d5b8-d10a-4294-9cc9-8a56147aab19,1566947234909,paper,paper,113,1299,tie,tie,0,0,154,106
3b330851-c377-4934-b74d-01f0b0f57004,209,199c9e2b-8cae-4ab0-82f9-89aaf1c31605,75e0d5b8-d10a-4294-9cc9-8a56147aab19,1566947237830,rock,rock,1008,937,tie,tie,0,0,154,106
3b330851-c377-4934-b74d-01f0b0f57004,210,199c9e2b-8cae-4ab0-82f9-89aaf1c31605,75e0d5b8-d10a-4294-9cc9-8a56147aab19,1566947240004,scissors,scissors,395,1148,tie,tie,0,0,154,106
3b330851-c377-4934-b74d-01f0b0f57004,211,199c9e2b-8cae-4ab0-82f9-89aaf1c31605,75e0d5b8-d10a-4294-9cc9-8a56147aab19,1566947242109,paper,paper,1244,755,tie,tie,0,0,154,106
3b330851-c377-4934-b74d-01f0b0f57004,212,199c9e2b-8cae-4ab0-82f9-89aaf1c31605,75e0d5b8-d10a-4294-9cc9-8a56147aab19,1566947244285,paper,rock,1307,717,win,loss,3,-1,154,106
3b330851-c377-4934-b74d-01f0b0f57004,213,199c9e2b-8cae-4ab0-82f9-89aaf1c31605,75e0d5b8-d10a-4294-9cc9-8a56147aab19,1566947246541,scissors,paper,1866,635,win,loss,3,-1,157,105
3b330851-c377-4934-b74d-01f0b0f57004,214,199c9e2b-8cae-4ab0-82f9-89aaf1c31605,75e0d5b8-d10a-4294-9cc9-8a56147aab19,1566947249229,paper,scissors,1170,485,loss,win,-1,3,160,104
3b330851-c377-4934-b74d-01f0b0f57004,215,199c9e2b-8cae-4ab0-82f9-89aaf1c31605,75e0d5b8-d10a-4294-9cc9-8a56147aab19,1566947253070,rock,rock,691,642,tie,tie,0,0,159,107
3b330851-c377-4934-b74d-01f0b0f57004,216,199c9e2b-8cae-4ab0-82f9-89aaf1c31605,75e0d5b8-d10a-4294-9cc9-8a56147aab19,1566947254724,paper,paper,2955,836,tie,tie,0,0,159,107
3b330851-c377-4934-b74d-01f0b0f57004,217,199c9e2b-8cae-4ab0-82f9-89aaf1c31605,75e0d5b8-d10a-4294-9cc9-8a56147aab19,1566947258597,scissors,rock,403,1595,loss,win,-1,3,159,107
3b330851-c377-4934-b74d-01f0b0f57004,218,199c9e2b-8cae-4ab0-82f9-89aaf1c31605,75e0d5b8-d10a-4294-9cc9-8a56147aab19,1566947261509,rock,rock,187,3116,tie,tie,0,0,158,110
3b330851-c377-4934-b74d-01f0b0f57004,219,199c9e2b-8cae-4ab0-82f9-89aaf1c31605,75e0d5b8-d10a-4294-9cc9-8a56147aab19,1566947266006,scissors,scissors,785,843,tie,tie,0,0,158,110
3b330851-c377-4934-b74d-01f0b0f57004,220,199c9e2b-8cae-4ab0-82f9-89aaf1c31605,75e0d5b8-d10a-4294-9cc9-8a56147aab19,1566947267796,paper,paper,739,836,tie,tie,0,0,158,110
3b330851-c377-4934-b74d-01f0b0f57004,221,199c9e2b-8cae-4ab0-82f9-89aaf1c31605,75e0d5b8-d10a-4294-9cc9-8a56147aab19,1566947271140,scissors,rock,604,1075,loss,win,-1,3,158,110
3b330851-c377-4934-b74d-01f0b0f57004,222,199c9e2b-8cae-4ab0-82f9-89aaf1c31605,75e0d5b8-d10a-4294-9cc9-8a56147aab19,1566947273324,rock,rock,724,1308,tie,tie,0,0,157,113
3b330851-c377-4934-b74d-01f0b0f57004,223,199c9e2b-8cae-4ab0-82f9-89aaf1c31605,75e0d5b8-d10a-4294-9cc9-8a56147aab19,1566947275575,paper,paper,316,1233,tie,tie,0,0,157,113
3b330851-c377-4934-b74d-01f0b0f57004,224,199c9e2b-8cae-4ab0-82f9-89aaf1c31605,75e0d5b8-d10a-4294-9cc9-8a56147aab19,1566947277999,paper,scissors,1066,1330,loss,win,-1,3,157,113
3b330851-c377-4934-b74d-01f0b0f57004,225,199c9e2b-8cae-4ab0-82f9-89aaf1c31605,75e0d5b8-d10a-4294-9cc9-8a56147aab19,1566947280613,rock,rock,236,666,tie,tie,0,0,156,116
3b330851-c377-4934-b74d-01f0b0f57004,226,199c9e2b-8cae-4ab0-82f9-89aaf1c31605,75e0d5b8-d10a-4294-9cc9-8a56147aab19,1566947282174,scissors,scissors,2306,515,tie,tie,0,0,156,116
3b330851-c377-4934-b74d-01f0b0f57004,227,199c9e2b-8cae-4ab0-82f9-89aaf1c31605,75e0d5b8-d10a-4294-9cc9-8a56147aab19,1566947285469,scissors,paper,596,580,win,loss,3,-1,156,116
3b330851-c377-4934-b74d-01f0b0f57004,228,199c9e2b-8cae-4ab0-82f9-89aaf1c31605,75e0d5b8-d10a-4294-9cc9-8a56147aab19,1566947287326,rock,rock,411,820,tie,tie,0,0,159,115
3b330851-c377-4934-b74d-01f0b0f57004,229,199c9e2b-8cae-4ab0-82f9-89aaf1c31605,75e0d5b8-d10a-4294-9cc9-8a56147aab19,1566947289966,rock,rock,867,1211,tie,tie,0,0,159,115
3b330851-c377-4934-b74d-01f0b0f57004,230,199c9e2b-8cae-4ab0-82f9-89aaf1c31605,75e0d5b8-d10a-4294-9cc9-8a56147aab19,1566947293605,scissors,scissors,347,852,tie,tie,0,0,159,115
3b330851-c377-4934-b74d-01f0b0f57004,231,199c9e2b-8cae-4ab0-82f9-89aaf1c31605,75e0d5b8-d10a-4294-9cc9-8a56147aab19,1566947297255,rock,rock,681,763,tie,tie,0,0,159,115
3b330851-c377-4934-b74d-01f0b0f57004,232,199c9e2b-8cae-4ab0-82f9-89aaf1c31605,75e0d5b8-d10a-4294-9cc9-8a56147aab19,1566947299191,paper,paper,451,659,tie,tie,0,0,159,115
3b330851-c377-4934-b74d-01f0b0f57004,233,199c9e2b-8cae-4ab0-82f9-89aaf1c31605,75e0d5b8-d10a-4294-9cc9-8a56147aab19,1566947300854,paper,rock,1804,699,win,loss,3,-1,159,115
3b330851-c377-4934-b74d-01f0b0f57004,234,199c9e2b-8cae-4ab0-82f9-89aaf1c31605,75e0d5b8-d10a-4294-9cc9-8a56147aab19,1566947303766,scissors,scissors,371,506,tie,tie,0,0,162,114
3b330851-c377-4934-b74d-01f0b0f57004,235,199c9e2b-8cae-4ab0-82f9-89aaf1c31605,75e0d5b8-d10a-4294-9cc9-8a56147aab19,1566947305246,paper,paper,579,739,tie,tie,0,0,162,114
3b330851-c377-4934-b74d-01f0b0f57004,236,199c9e2b-8cae-4ab0-82f9-89aaf1c31605,75e0d5b8-d10a-4294-9cc9-8a56147aab19,1566947306822,rock,rock,2012,725,tie,tie,0,0,162,114
3b330851-c377-4934-b74d-01f0b0f57004,237,199c9e2b-8cae-4ab0-82f9-89aaf1c31605,75e0d5b8-d10a-4294-9cc9-8a56147aab19,1566947310182,scissors,scissors,1251,659,tie,tie,0,0,162,114
3b330851-c377-4934-b74d-01f0b0f57004,238,199c9e2b-8cae-4ab0-82f9-89aaf1c31605,75e0d5b8-d10a-4294-9cc9-8a56147aab19,1566947312638,rock,rock,442,515,tie,tie,0,0,162,114
3b330851-c377-4934-b74d-01f0b0f57004,239,199c9e2b-8cae-4ab0-82f9-89aaf1c31605,75e0d5b8-d10a-4294-9cc9-8a56147aab19,1566947314599,rock,paper,434,1187,loss,win,-1,3,162,114
3b330851-c377-4934-b74d-01f0b0f57004,240,199c9e2b-8cae-4ab0-82f9-89aaf1c31605,75e0d5b8-d10a-4294-9cc9-8a56147aab19,1566947317270,rock,rock,436,765,tie,tie,0,0,161,117
3b330851-c377-4934-b74d-01f0b0f57004,241,199c9e2b-8cae-4ab0-82f9-89aaf1c31605,75e0d5b8-d10a-4294-9cc9-8a56147aab19,1566947319047,scissors,scissors,603,589,tie,tie,0,0,161,117
3b330851-c377-4934-b74d-01f0b0f57004,242,199c9e2b-8cae-4ab0-82f9-89aaf1c31605,75e0d5b8-d10a-4294-9cc9-8a56147aab19,1566947320775,scissors,paper,332,475,win,loss,3,-1,161,117
3b330851-c377-4934-b74d-01f0b0f57004,243,199c9e2b-8cae-4ab0-82f9-89aaf1c31605,75e0d5b8-d10a-4294-9cc9-8a56147aab19,1566947323358,rock,rock,627,970,tie,tie,0,0,164,116
3b330851-c377-4934-b74d-01f0b0f57004,244,199c9e2b-8cae-4ab0-82f9-89aaf1c31605,75e0d5b8-d10a-4294-9cc9-8a56147aab19,1566947325495,paper,paper,379,723,tie,tie,0,0,164,116
3b330851-c377-4934-b74d-01f0b0f57004,245,199c9e2b-8cae-4ab0-82f9-89aaf1c31605,75e0d5b8-d10a-4294-9cc9-8a56147aab19,1566947327223,scissors,rock,355,756,loss,win,-1,3,164,116
3b330851-c377-4934-b74d-01f0b0f57004,246,199c9e2b-8cae-4ab0-82f9-89aaf1c31605,75e0d5b8-d10a-4294-9cc9-8a56147aab19,1566947329039,scissors,rock,547,2283,loss,win,-1,3,163,119
3b330851-c377-4934-b74d-01f0b0f57004,247,199c9e2b-8cae-4ab0-82f9-89aaf1c31605,75e0d5b8-d10a-4294-9cc9-8a56147aab19,1566947332400,rock,rock,2074,1826,tie,tie,0,0,162,122
3b330851-c377-4934-b74d-01f0b0f57004,248,199c9e2b-8cae-4ab0-82f9-89aaf1c31605,75e0d5b8-d10a-4294-9cc9-8a56147aab19,1566947335663,paper,paper,260,487,tie,tie,0,0,162,122
3b330851-c377-4934-b74d-01f0b0f57004,249,199c9e2b-8cae-4ab0-82f9-89aaf1c31605,75e0d5b8-d10a-4294-9cc9-8a56147aab19,1566947338879,paper,rock,515,826,win,loss,3,-1,162,122
3b330851-c377-4934-b74d-01f0b0f57004,250,199c9e2b-8cae-4ab0-82f9-89aaf1c31605,75e0d5b8-d10a-4294-9cc9-8a56147aab19,1566947340903,paper,paper,452,924,tie,tie,0,0,165,121
3b330851-c377-4934-b74d-01f0b0f57004,251,199c9e2b-8cae-4ab0-82f9-89aaf1c31605,75e0d5b8-d10a-4294-9cc9-8a56147aab19,1566947343135,rock,scissors,1276,1563,win,loss,3,-1,165,121
3b330851-c377-4934-b74d-01f0b0f57004,252,199c9e2b-8cae-4ab0-82f9-89aaf1c31605,75e0d5b8-d10a-4294-9cc9-8a56147aab19,1566947345880,rock,rock,739,1074,tie,tie,0,0,168,120
3b330851-c377-4934-b74d-01f0b0f57004,253,199c9e2b-8cae-4ab0-82f9-89aaf1c31605,75e0d5b8-d10a-4294-9cc9-8a56147aab19,1566947347968,scissors,paper,690,666,win,loss,3,-1,168,120
3b330851-c377-4934-b74d-01f0b0f57004,254,199c9e2b-8cae-4ab0-82f9-89aaf1c31605,75e0d5b8-d10a-4294-9cc9-8a56147aab19,1566947350080,paper,rock,650,948,win,loss,3,-1,171,119
3b330851-c377-4934-b74d-01f0b0f57004,255,199c9e2b-8cae-4ab0-82f9-89aaf1c31605,75e0d5b8-d10a-4294-9cc9-8a56147aab19,1566947353943,scissors,paper,404,1116,win,loss,3,-1,174,118
3b330851-c377-4934-b74d-01f0b0f57004,256,199c9e2b-8cae-4ab0-82f9-89aaf1c31605,75e0d5b8-d10a-4294-9cc9-8a56147aab19,1566947356591,paper,scissors,404,757,loss,win,-1,3,177,117
3b330851-c377-4934-b74d-01f0b0f57004,257,199c9e2b-8cae-4ab0-82f9-89aaf1c31605,75e0d5b8-d10a-4294-9cc9-8a56147aab19,1566947359159,rock,rock,277,867,tie,tie,0,0,176,120
3b330851-c377-4934-b74d-01f0b0f57004,258,199c9e2b-8cae-4ab0-82f9-89aaf1c31605,75e0d5b8-d10a-4294-9cc9-8a56147aab19,1566947360815,scissors,paper,781,756,win,loss,3,-1,176,120
3b330851-c377-4934-b74d-01f0b0f57004,259,199c9e2b-8cae-4ab0-82f9-89aaf1c31605,75e0d5b8-d10a-4294-9cc9-8a56147aab19,1566947362760,paper,scissors,837,468,loss,win,-1,3,179,119
3b330851-c377-4934-b74d-01f0b0f57004,260,199c9e2b-8cae-4ab0-82f9-89aaf1c31605,75e0d5b8-d10a-4294-9cc9-8a56147aab19,1566947364639,paper,scissors,596,756,loss,win,-1,3,178,122
3b330851-c377-4934-b74d-01f0b0f57004,261,199c9e2b-8cae-4ab0-82f9-89aaf1c31605,75e0d5b8-d10a-4294-9cc9-8a56147aab19,1566947366296,paper,rock,339,802,win,loss,3,-1,177,125
3b330851-c377-4934-b74d-01f0b0f57004,262,199c9e2b-8cae-4ab0-82f9-89aaf1c31605,75e0d5b8-d10a-4294-9cc9-8a56147aab19,1566947369400,scissors,scissors,372,795,tie,tie,0,0,180,124
3b330851-c377-4934-b74d-01f0b0f57004,263,199c9e2b-8cae-4ab0-82f9-89aaf1c31605,75e0d5b8-d10a-4294-9cc9-8a56147aab19,1566947371585,rock,paper,355,682,loss,win,-1,3,180,124
3b330851-c377-4934-b74d-01f0b0f57004,264,199c9e2b-8cae-4ab0-82f9-89aaf1c31605,75e0d5b8-d10a-4294-9cc9-8a56147aab19,1566947373576,rock,paper,476,1436,loss,win,-1,3,179,127
3b330851-c377-4934-b74d-01f0b0f57004,265,199c9e2b-8cae-4ab0-82f9-89aaf1c31605,75e0d5b8-d10a-4294-9cc9-8a56147aab19,1566947376217,paper,rock,1612,689,win,loss,3,-1,178,130
3b330851-c377-4934-b74d-01f0b0f57004,266,199c9e2b-8cae-4ab0-82f9-89aaf1c31605,75e0d5b8-d10a-4294-9cc9-8a56147aab19,1566947378705,paper,scissors,483,588,loss,win,-1,3,181,129
3b330851-c377-4934-b74d-01f0b0f57004,267,199c9e2b-8cae-4ab0-82f9-89aaf1c31605,75e0d5b8-d10a-4294-9cc9-8a56147aab19,1566947380464,scissors,scissors,339,556,tie,tie,0,0,180,132
3b330851-c377-4934-b74d-01f0b0f57004,268,199c9e2b-8cae-4ab0-82f9-89aaf1c31605,75e0d5b8-d10a-4294-9cc9-8a56147aab19,1566947383840,rock,rock,539,1012,tie,tie,0,0,180,132
3b330851-c377-4934-b74d-01f0b0f57004,269,199c9e2b-8cae-4ab0-82f9-89aaf1c31605,75e0d5b8-d10a-4294-9cc9-8a56147aab19,1566947385872,paper,rock,1013,1243,win,loss,3,-1,180,132
3b330851-c377-4934-b74d-01f0b0f57004,270,199c9e2b-8cae-4ab0-82f9-89aaf1c31605,75e0d5b8-d10a-4294-9cc9-8a56147aab19,1566947388344,scissors,scissors,941,1691,tie,tie,0,0,183,131
3b330851-c377-4934-b74d-01f0b0f57004,271,199c9e2b-8cae-4ab0-82f9-89aaf1c31605,75e0d5b8-d10a-4294-9cc9-8a56147aab19,1566947390976,rock,paper,460,699,loss,win,-1,3,183,131
3b330851-c377-4934-b74d-01f0b0f57004,272,199c9e2b-8cae-4ab0-82f9-89aaf1c31605,75e0d5b8-d10a-4294-9cc9-8a56147aab19,1566947392968,rock,rock,643,739,tie,tie,0,0,182,134
3b330851-c377-4934-b74d-01f0b0f57004,273,199c9e2b-8cae-4ab0-82f9-89aaf1c31605,75e0d5b8-d10a-4294-9cc9-8a56147aab19,1566947394777,scissors,scissors,885,1369,tie,tie,0,0,182,134
3b330851-c377-4934-b74d-01f0b0f57004,274,199c9e2b-8cae-4ab0-82f9-89aaf1c31605,75e0d5b8-d10a-4294-9cc9-8a56147aab19,1566947397144,rock,paper,203,764,loss,win,-1,3,182,134
3b330851-c377-4934-b74d-01f0b0f57004,275,199c9e2b-8cae-4ab0-82f9-89aaf1c31605,75e0d5b8-d10a-4294-9cc9-8a56147aab19,1566947399560,paper,rock,580,1205,win,loss,3,-1,181,137
3b330851-c377-4934-b74d-01f0b0f57004,276,199c9e2b-8cae-4ab0-82f9-89aaf1c31605,75e0d5b8-d10a-4294-9cc9-8a56147aab19,1566947403313,paper,scissors,492,781,loss,win,-1,3,184,136
3b330851-c377-4934-b74d-01f0b0f57004,277,199c9e2b-8cae-4ab0-82f9-89aaf1c31605,75e0d5b8-d10a-4294-9cc9-8a56147aab19,1566947405752,rock,paper,339,810,loss,win,-1,3,183,139
3b330851-c377-4934-b74d-01f0b0f57004,278,199c9e2b-8cae-4ab0-82f9-89aaf1c31605,75e0d5b8-d10a-4294-9cc9-8a56147aab19,1566947407713,paper,rock,541,835,win,loss,3,-1,182,142
3b330851-c377-4934-b74d-01f0b0f57004,279,199c9e2b-8cae-4ab0-82f9-89aaf1c31605,75e0d5b8-d10a-4294-9cc9-8a56147aab19,1566947410009,paper,scissors,531,803,loss,win,-1,3,185,141
3b330851-c377-4934-b74d-01f0b0f57004,280,199c9e2b-8cae-4ab0-82f9-89aaf1c31605,75e0d5b8-d10a-4294-9cc9-8a56147aab19,1566947412033,scissors,paper,419,1300,win,loss,3,-1,184,144
3b330851-c377-4934-b74d-01f0b0f57004,281,199c9e2b-8cae-4ab0-82f9-89aaf1c31605,75e0d5b8-d10a-4294-9cc9-8a56147aab19,1566947414353,scissors,scissors,459,2178,tie,tie,0,0,187,143
3b330851-c377-4934-b74d-01f0b0f57004,282,199c9e2b-8cae-4ab0-82f9-89aaf1c31605,75e0d5b8-d10a-4294-9cc9-8a56147aab19,1566947417809,rock,rock,380,780,tie,tie,0,0,187,143
3b330851-c377-4934-b74d-01f0b0f57004,283,199c9e2b-8cae-4ab0-82f9-89aaf1c31605,75e0d5b8-d10a-4294-9cc9-8a56147aab19,1566947422241,scissors,paper,484,948,win,loss,3,-1,187,143
3b330851-c377-4934-b74d-01f0b0f57004,284,199c9e2b-8cae-4ab0-82f9-89aaf1c31605,75e0d5b8-d10a-4294-9cc9-8a56147aab19,1566947424329,rock,rock,356,843,tie,tie,0,0,190,142
3b330851-c377-4934-b74d-01f0b0f57004,285,199c9e2b-8cae-4ab0-82f9-89aaf1c31605,75e0d5b8-d10a-4294-9cc9-8a56147aab19,1566947426266,scissors,rock,692,1010,loss,win,-1,3,190,142
3b330851-c377-4934-b74d-01f0b0f57004,286,199c9e2b-8cae-4ab0-82f9-89aaf1c31605,75e0d5b8-d10a-4294-9cc9-8a56147aab19,1566947428513,paper,scissors,692,925,loss,win,-1,3,189,145
3b330851-c377-4934-b74d-01f0b0f57004,287,199c9e2b-8cae-4ab0-82f9-89aaf1c31605,75e0d5b8-d10a-4294-9cc9-8a56147aab19,1566947430417,rock,rock,789,1261,tie,tie,0,0,188,148
3b330851-c377-4934-b74d-01f0b0f57004,288,199c9e2b-8cae-4ab0-82f9-89aaf1c31605,75e0d5b8-d10a-4294-9cc9-8a56147aab19,1566947432897,scissors,scissors,1373,594,tie,tie,0,0,188,148
3b330851-c377-4934-b74d-01f0b0f57004,289,199c9e2b-8cae-4ab0-82f9-89aaf1c31605,75e0d5b8-d10a-4294-9cc9-8a56147aab19,1566947435762,rock,paper,148,900,loss,win,-1,3,188,148
3b330851-c377-4934-b74d-01f0b0f57004,290,199c9e2b-8cae-4ab0-82f9-89aaf1c31605,75e0d5b8-d10a-4294-9cc9-8a56147aab19,1566947438394,paper,rock,868,603,win,loss,3,-1,187,151
3b330851-c377-4934-b74d-01f0b0f57004,291,199c9e2b-8cae-4ab0-82f9-89aaf1c31605,75e0d5b8-d10a-4294-9cc9-8a56147aab19,1566947440394,paper,scissors,628,2171,loss,win,-1,3,190,150
3b330851-c377-4934-b74d-01f0b0f57004,292,199c9e2b-8cae-4ab0-82f9-89aaf1c31605,75e0d5b8-d10a-4294-9cc9-8a56147aab19,1566947443585,scissors,paper,412,843,win,loss,3,-1,189,153
3b330851-c377-4934-b74d-01f0b0f57004,293,199c9e2b-8cae-4ab0-82f9-89aaf1c31605,75e0d5b8-d10a-4294-9cc9-8a56147aab19,1566947445594,scissors,rock,1164,907,loss,win,-1,3,192,152
3b330851-c377-4934-b74d-01f0b0f57004,294,199c9e2b-8cae-4ab0-82f9-89aaf1c31605,75e0d5b8-d10a-4294-9cc9-8a56147aab19,1566947448089,paper,paper,229,1612,tie,tie,0,0,191,155
3b330851-c377-4934-b74d-01f0b0f57004,295,199c9e2b-8cae-4ab0-82f9-89aaf1c31605,75e0d5b8-d10a-4294-9cc9-8a56147aab19,1566947451234,rock,rock,604,858,tie,tie,0,0,191,155
3b330851-c377-4934-b74d-01f0b0f57004,296,199c9e2b-8cae-4ab0-82f9-89aaf1c31605,75e0d5b8-d10a-4294-9cc9-8a56147aab19,1566947453315,scissors,scissors,906,930,tie,tie,0,0,191,155
3b330851-c377-4934-b74d-01f0b0f57004,297,199c9e2b-8cae-4ab0-82f9-89aaf1c31605,75e0d5b8-d10a-4294-9cc9-8a56147aab19,1566947455234,paper,paper,812,835,tie,tie,0,0,191,155
3b330851-c377-4934-b74d-01f0b0f57004,298,199c9e2b-8cae-4ab0-82f9-89aaf1c31605,75e0d5b8-d10a-4294-9cc9-8a56147aab19,1566947457025,scissors,rock,661,684,loss,win,-1,3,191,155
3b330851-c377-4934-b74d-01f0b0f57004,299,199c9e2b-8cae-4ab0-82f9-89aaf1c31605,75e0d5b8-d10a-4294-9cc9-8a56147aab19,1566947458793,paper,paper,613,1076,tie,tie,0,0,190,158
3b330851-c377-4934-b74d-01f0b0f57004,300,199c9e2b-8cae-4ab0-82f9-89aaf1c31605,75e0d5b8-d10a-4294-9cc9-8a56147aab19,1566947460914,rock,rock,341,3066,tie,tie,0,0,190,158
