game_id,version,is_sona_autocredit,sona_experiment_id,sona_credit_token,sona_survey_code,round_index,player_id,bot_strategy,bot_move_probabilities,round_begin_ts,player_move,player_rt,player_outcome,player_outcome_viewtime,player_points,player_total
c1048822-d17f-4dfd-9fb2-4be0dede8372,2,1,1768,19421bc286424246b6b1e873e7a55a8e,1859,1,53b1b108-21bf-4d40-9080-2542246d3f09,prev_move_positive,"{'rock': {'rock': 0.04999999999999999, 'paper': 0.9, 'scissors': 0.04999999999999999}, 'paper': {'rock': 0.04999999999999999, 'paper': 0.04999999999999999, 'scissors': 0.9}, 'scissors': {'rock': 0.9, 'paper': 0.04999999999999999, 'scissors': 0.04999999999999999}}",1582331547337,none,10000,loss,8464,-1,0
c1048822-d17f-4dfd-9fb2-4be0dede8372,2,1,1768,19421bc286424246b6b1e873e7a55a8e,1859,1,841194e4-cc2a-469c-9e94-30fab3caf036,prev_move_positive,"{'rock': {'rock': 0.04999999999999999, 'paper': 0.9, 'scissors': 0.04999999999999999}, 'paper': {'rock': 0.04999999999999999, 'paper': 0.04999999999999999, 'scissors': 0.9}, 'scissors': {'rock': 0.9, 'paper': 0.04999999999999999, 'scissors': 0.04999999999999999}}",1582331547337,paper,0,win,0,3,0
c1048822-d17f-4dfd-9fb2-4be0dede8372,2,1,1768,19421bc286424246b6b1e873e7a55a8e,1859,2,53b1b108-21bf-4d40-9080-2542246d3f09,prev_move_positive,"{'rock': {'rock': 0.04999999999999999, 'paper': 0.9, 'scissors': 0.04999999999999999}, 'paper': {'rock': 0.04999999999999999, 'paper': 0.04999999999999999, 'scissors': 0.9}, 'scissors': {'rock': 0.9, 'paper': 0.04999999999999999, 'scissors': 0.04999999999999999}}",1582331565848,scissors,1046,tie,768,0,-1
c1048822-d17f-4dfd-9fb2-4be0dede8372,2,1,1768,19421bc286424246b6b1e873e7a55a8e,1859,2,841194e4-cc2a-469c-9e94-30fab3caf036,prev_move_positive,"{'rock': {'rock': 0.04999999999999999, 'paper': 0.9, 'scissors': 0.04999999999999999}, 'paper': {'rock': 0.04999999999999999, 'paper': 0.04999999999999999, 'scissors': 0.9}, 'scissors': {'rock': 0.9, 'paper': 0.04999999999999999, 'scissors': 0.04999999999999999}}",1582331565848,scissors,0,tie,0,0,3
c1048822-d17f-4dfd-9fb2-4be0dede8372,2,1,1768,19421bc286424246b6b1e873e7a55a8e,1859,3,53b1b108-21bf-4d40-9080-2542246d3f09,prev_move_positive,"{'rock': {'rock': 0.04999999999999999, 'paper': 0.9, 'scissors': 0.04999999999999999}, 'paper': {'rock': 0.04999999999999999, 'paper': 0.04999999999999999, 'scissors': 0.9}, 'scissors': {'rock': 0.9, 'paper': 0.04999999999999999, 'scissors': 0.04999999999999999}}",1582331567698,paper,2250,win,1382,3,-1
c1048822-d17f-4dfd-9fb2-4be0dede8372,2,1,1768,19421bc286424246b6b1e873e7a55a8e,1859,3,841194e4-cc2a-469c-9e94-30fab3caf036,prev_move_positive,"{'rock': {'rock': 0.04999999999999999, 'paper': 0.9, 'scissors': 0.04999999999999999}, 'paper': {'rock': 0.04999999999999999, 'paper': 0.04999999999999999, 'scissors': 0.9}, 'scissors': {'rock': 0.9, 'paper': 0.04999999999999999, 'scissors': 0.04999999999999999}}",1582331567698,rock,0,loss,0,-1,3
c1048822-d17f-4dfd-9fb2-4be0dede8372,2,1,1768,19421bc286424246b6b1e873e7a55a8e,1859,4,53b1b108-21bf-4d40-9080-2542246d3f09,prev_move_positive,"{'rock': {'rock': 0.04999999999999999, 'paper': 0.9, 'scissors': 0.04999999999999999}, 'paper': {'rock': 0.04999999999999999, 'paper': 0.04999999999999999, 'scissors': 0.9}, 'scissors': {'rock': 0.9, 'paper': 0.04999999999999999, 'scissors': 0.04999999999999999}}",1582331571364,scissors,903,win,1367,3,2
c1048822-d17f-4dfd-9fb2-4be0dede8372,2,1,1768,19421bc286424246b6b1e873e7a55a8e,1859,4,841194e4-cc2a-469c-9e94-30fab3caf036,prev_move_positive,"{'rock': {'rock': 0.04999999999999999, 'paper': 0.9, 'scissors': 0.04999999999999999}, 'paper': {'rock': 0.04999999999999999, 'paper': 0.04999999999999999, 'scissors': 0.9}, 'scissors': {'rock': 0.9, 'paper': 0.04999999999999999, 'scissors': 0.04999999999999999}}",1582331571364,paper,0,loss,0,-1,2
c1048822-d17f-4dfd-9fb2-4be0dede8372,2,1,1768,19421bc286424246b6b1e873e7a55a8e,1859,5,53b1b108-21bf-4d40-9080-2542246d3f09,prev_move_positive,"{'rock': {'rock': 0.04999999999999999, 'paper': 0.9, 'scissors': 0.04999999999999999}, 'paper': {'rock': 0.04999999999999999, 'paper': 0.04999999999999999, 'scissors': 0.9}, 'scissors': {'rock': 0.9, 'paper': 0.04999999999999999, 'scissors': 0.04999999999999999}}",1582331573665,rock,801,win,1407,3,5
c1048822-d17f-4dfd-9fb2-4be0dede8372,2,1,1768,19421bc286424246b6b1e873e7a55a8e,1859,5,841194e4-cc2a-469c-9e94-30fab3caf036,prev_move_positive,"{'rock': {'rock': 0.04999999999999999, 'paper': 0.9, 'scissors': 0.04999999999999999}, 'paper': {'rock': 0.04999999999999999, 'paper': 0.04999999999999999, 'scissors': 0.9}, 'scissors': {'rock': 0.9, 'paper': 0.04999999999999999, 'scissors': 0.04999999999999999}}",1582331573665,scissors,0,loss,0,-1,1
c1048822-d17f-4dfd-9fb2-4be0dede8372,2,1,1768,19421bc286424246b6b1e873e7a55a8e,1859,6,53b1b108-21bf-4d40-9080-2542246d3f09,prev_move_positive,"{'rock': {'rock': 0.04999999999999999, 'paper': 0.9, 'scissors': 0.04999999999999999}, 'paper': {'rock': 0.04999999999999999, 'paper': 0.04999999999999999, 'scissors': 0.9}, 'scissors': {'rock': 0.9, 'paper': 0.04999999999999999, 'scissors': 0.04999999999999999}}",1582331575906,paper,896,win,1057,3,8
c1048822-d17f-4dfd-9fb2-4be0dede8372,2,1,1768,19421bc286424246b6b1e873e7a55a8e,1859,6,841194e4-cc2a-469c-9e94-30fab3caf036,prev_move_positive,"{'rock': {'rock': 0.04999999999999999, 'paper': 0.9, 'scissors': 0.04999999999999999}, 'paper': {'rock': 0.04999999999999999, 'paper': 0.04999999999999999, 'scissors': 0.9}, 'scissors': {'rock': 0.9, 'paper': 0.04999999999999999, 'scissors': 0.04999999999999999}}",1582331575906,rock,0,loss,0,-1,0
c1048822-d17f-4dfd-9fb2-4be0dede8372,2,1,1768,19421bc286424246b6b1e873e7a55a8e,1859,7,53b1b108-21bf-4d40-9080-2542246d3f09,prev_move_positive,"{'rock': {'rock': 0.04999999999999999, 'paper': 0.9, 'scissors': 0.04999999999999999}, 'paper': {'rock': 0.04999999999999999, 'paper': 0.04999999999999999, 'scissors': 0.9}, 'scissors': {'rock': 0.9, 'paper': 0.04999999999999999, 'scissors': 0.04999999999999999}}",1582331577891,scissors,832,win,1654,3,11
c1048822-d17f-4dfd-9fb2-4be0dede8372,2,1,1768,19421bc286424246b6b1e873e7a55a8e,1859,7,841194e4-cc2a-469c-9e94-30fab3caf036,prev_move_positive,"{'rock': {'rock': 0.04999999999999999, 'paper': 0.9, 'scissors': 0.04999999999999999}, 'paper': {'rock': 0.04999999999999999, 'paper': 0.04999999999999999, 'scissors': 0.9}, 'scissors': {'rock': 0.9, 'paper': 0.04999999999999999, 'scissors': 0.04999999999999999}}",1582331577891,paper,0,loss,0,-1,-1
c1048822-d17f-4dfd-9fb2-4be0dede8372,2,1,1768,19421bc286424246b6b1e873e7a55a8e,1859,8,53b1b108-21bf-4d40-9080-2542246d3f09,prev_move_positive,"{'rock': {'rock': 0.04999999999999999, 'paper': 0.9, 'scissors': 0.04999999999999999}, 'paper': {'rock': 0.04999999999999999, 'paper': 0.04999999999999999, 'scissors': 0.9}, 'scissors': {'rock': 0.9, 'paper': 0.04999999999999999, 'scissors': 0.04999999999999999}}",1582331580407,rock,1401,win,1252,3,14
c1048822-d17f-4dfd-9fb2-4be0dede8372,2,1,1768,19421bc286424246b6b1e873e7a55a8e,1859,8,841194e4-cc2a-469c-9e94-30fab3caf036,prev_move_positive,"{'rock': {'rock': 0.04999999999999999, 'paper': 0.9, 'scissors': 0.04999999999999999}, 'paper': {'rock': 0.04999999999999999, 'paper': 0.04999999999999999, 'scissors': 0.9}, 'scissors': {'rock': 0.9, 'paper': 0.04999999999999999, 'scissors': 0.04999999999999999}}",1582331580407,scissors,0,loss,0,-1,-2
c1048822-d17f-4dfd-9fb2-4be0dede8372,2,1,1768,19421bc286424246b6b1e873e7a55a8e,1859,9,53b1b108-21bf-4d40-9080-2542246d3f09,prev_move_positive,"{'rock': {'rock': 0.04999999999999999, 'paper': 0.9, 'scissors': 0.04999999999999999}, 'paper': {'rock': 0.04999999999999999, 'paper': 0.04999999999999999, 'scissors': 0.9}, 'scissors': {'rock': 0.9, 'paper': 0.04999999999999999, 'scissors': 0.04999999999999999}}",1582331583092,paper,943,win,1771,3,17
c1048822-d17f-4dfd-9fb2-4be0dede8372,2,1,1768,19421bc286424246b6b1e873e7a55a8e,1859,9,841194e4-cc2a-469c-9e94-30fab3caf036,prev_move_positive,"{'rock': {'rock': 0.04999999999999999, 'paper': 0.9, 'scissors': 0.04999999999999999}, 'paper': {'rock': 0.04999999999999999, 'paper': 0.04999999999999999, 'scissors': 0.9}, 'scissors': {'rock': 0.9, 'paper': 0.04999999999999999, 'scissors': 0.04999999999999999}}",1582331583092,rock,0,loss,0,-1,-3
c1048822-d17f-4dfd-9fb2-4be0dede8372,2,1,1768,19421bc286424246b6b1e873e7a55a8e,1859,10,53b1b108-21bf-4d40-9080-2542246d3f09,prev_move_positive,"{'rock': {'rock': 0.04999999999999999, 'paper': 0.9, 'scissors': 0.04999999999999999}, 'paper': {'rock': 0.04999999999999999, 'paper': 0.04999999999999999, 'scissors': 0.9}, 'scissors': {'rock': 0.9, 'paper': 0.04999999999999999, 'scissors': 0.04999999999999999}}",1582331585836,none,10000,loss,17082,-1,20
c1048822-d17f-4dfd-9fb2-4be0dede8372,2,1,1768,19421bc286424246b6b1e873e7a55a8e,1859,10,841194e4-cc2a-469c-9e94-30fab3caf036,prev_move_positive,"{'rock': {'rock': 0.04999999999999999, 'paper': 0.9, 'scissors': 0.04999999999999999}, 'paper': {'rock': 0.04999999999999999, 'paper': 0.04999999999999999, 'scissors': 0.9}, 'scissors': {'rock': 0.9, 'paper': 0.04999999999999999, 'scissors': 0.04999999999999999}}",1582331585836,scissors,0,win,0,3,-4
6f08e7db-3391-4555-bdfa-ac4625dad014,2,1,1768,19421bc286424246b6b1e873e7a55a8e,1859,1,6c8a783e-ad9d-4214-8a85-1b04cdb7ff38,opponent_prev_move_positive,"{'rock': {'rock': 0.04999999999999999, 'paper': 0.9, 'scissors': 0.04999999999999999}, 'paper': {'rock': 0.04999999999999999, 'paper': 0.04999999999999999, 'scissors': 0.9}, 'scissors': {'rock': 0.9, 'paper': 0.04999999999999999, 'scissors': 0.04999999999999999}}",1582332072811,scissors,4176,win,5548,3,0
6f08e7db-3391-4555-bdfa-ac4625dad014,2,1,1768,19421bc286424246b6b1e873e7a55a8e,1859,1,65886bc4-247d-4074-af68-c297a389e0f2,opponent_prev_move_positive,"{'rock': {'rock': 0.04999999999999999, 'paper': 0.9, 'scissors': 0.04999999999999999}, 'paper': {'rock': 0.04999999999999999, 'paper': 0.04999999999999999, 'scissors': 0.9}, 'scissors': {'rock': 0.9, 'paper': 0.04999999999999999, 'scissors': 0.04999999999999999}}",1582332072811,paper,0,loss,0,-1,0
6f08e7db-3391-4555-bdfa-ac4625dad014,2,1,1768,19421bc286424246b6b1e873e7a55a8e,1859,2,6c8a783e-ad9d-4214-8a85-1b04cdb7ff38,opponent_prev_move_positive,"{'rock': {'rock': 0.04999999999999999, 'paper': 0.9, 'scissors': 0.04999999999999999}, 'paper': {'rock': 0.04999999999999999, 'paper': 0.04999999999999999, 'scissors': 0.9}, 'scissors': {'rock': 0.9, 'paper': 0.04999999999999999, 'scissors': 0.04999999999999999}}",1582332082588,rock,3912,tie,6682,0,3
6f08e7db-3391-4555-bdfa-ac4625dad014,2,1,1768,19421bc286424246b6b1e873e7a55a8e,1859,2,65886bc4-247d-4074-af68-c297a389e0f2,opponent_prev_move_positive,"{'rock': {'rock': 0.04999999999999999, 'paper': 0.9, 'scissors': 0.04999999999999999}, 'paper': {'rock': 0.04999999999999999, 'paper': 0.04999999999999999, 'scissors': 0.9}, 'scissors': {'rock': 0.9, 'paper': 0.04999999999999999, 'scissors': 0.04999999999999999}}",1582332082588,rock,0,tie,0,0,-1
6f08e7db-3391-4555-bdfa-ac4625dad014,2,1,1768,19421bc286424246b6b1e873e7a55a8e,1859,3,6c8a783e-ad9d-4214-8a85-1b04cdb7ff38,opponent_prev_move_positive,"{'rock': {'rock': 0.04999999999999999, 'paper': 0.9, 'scissors': 0.04999999999999999}, 'paper': {'rock': 0.04999999999999999, 'paper': 0.04999999999999999, 'scissors': 0.9}, 'scissors': {'rock': 0.9, 'paper': 0.04999999999999999, 'scissors': 0.04999999999999999}}",1582332093215,scissors,4078,win,1848,3,3
6f08e7db-3391-4555-bdfa-ac4625dad014,2,1,1768,19421bc286424246b6b1e873e7a55a8e,1859,3,65886bc4-247d-4074-af68-c297a389e0f2,opponent_prev_move_positive,"{'rock': {'rock': 0.04999999999999999, 'paper': 0.9, 'scissors': 0.04999999999999999}, 'paper': {'rock': 0.04999999999999999, 'paper': 0.04999999999999999, 'scissors': 0.9}, 'scissors': {'rock': 0.9, 'paper': 0.04999999999999999, 'scissors': 0.04999999999999999}}",1582332093215,paper,0,loss,0,-1,-1
6f08e7db-3391-4555-bdfa-ac4625dad014,2,1,1768,19421bc286424246b6b1e873e7a55a8e,1859,4,6c8a783e-ad9d-4214-8a85-1b04cdb7ff38,opponent_prev_move_positive,"{'rock': {'rock': 0.04999999999999999, 'paper': 0.9, 'scissors': 0.04999999999999999}, 'paper': {'rock': 0.04999999999999999, 'paper': 0.04999999999999999, 'scissors': 0.9}, 'scissors': {'rock': 0.9, 'paper': 0.04999999999999999, 'scissors': 0.04999999999999999}}",1582332099172,paper,6323,win,2227,3,6
6f08e7db-3391-4555-bdfa-ac4625dad014,2,1,1768,19421bc286424246b6b1e873e7a55a8e,1859,4,65886bc4-247d-4074-af68-c297a389e0f2,opponent_prev_move_positive,"{'rock': {'rock': 0.04999999999999999, 'paper': 0.9, 'scissors': 0.04999999999999999}, 'paper': {'rock': 0.04999999999999999, 'paper': 0.04999999999999999, 'scissors': 0.9}, 'scissors': {'rock': 0.9, 'paper': 0.04999999999999999, 'scissors': 0.04999999999999999}}",1582332099172,rock,0,loss,0,-1,-2
6f08e7db-3391-4555-bdfa-ac4625dad014,2,1,1768,19421bc286424246b6b1e873e7a55a8e,1859,5,6c8a783e-ad9d-4214-8a85-1b04cdb7ff38,opponent_prev_move_positive,"{'rock': {'rock': 0.04999999999999999, 'paper': 0.9, 'scissors': 0.04999999999999999}, 'paper': {'rock': 0.04999999999999999, 'paper': 0.04999999999999999, 'scissors': 0.9}, 'scissors': {'rock': 0.9, 'paper': 0.04999999999999999, 'scissors': 0.04999999999999999}}",1582332107754,rock,1553,win,1294,3,9
6f08e7db-3391-4555-bdfa-ac4625dad014,2,1,1768,19421bc286424246b6b1e873e7a55a8e,1859,5,65886bc4-247d-4074-af68-c297a389e0f2,opponent_prev_move_positive,"{'rock': {'rock': 0.04999999999999999, 'paper': 0.9, 'scissors': 0.04999999999999999}, 'paper': {'rock': 0.04999999999999999, 'paper': 0.04999999999999999, 'scissors': 0.9}, 'scissors': {'rock': 0.9, 'paper': 0.04999999999999999, 'scissors': 0.04999999999999999}}",1582332107754,scissors,0,loss,0,-1,-3
6f08e7db-3391-4555-bdfa-ac4625dad014,2,1,1768,19421bc286424246b6b1e873e7a55a8e,1859,6,6c8a783e-ad9d-4214-8a85-1b04cdb7ff38,opponent_prev_move_positive,"{'rock': {'rock': 0.04999999999999999, 'paper': 0.9, 'scissors': 0.04999999999999999}, 'paper': {'rock': 0.04999999999999999, 'paper': 0.04999999999999999, 'scissors': 0.9}, 'scissors': {'rock': 0.9, 'paper': 0.04999999999999999, 'scissors': 0.04999999999999999}}",1582332110634,scissors,1016,win,1153,3,12
6f08e7db-3391-4555-bdfa-ac4625dad014,2,1,1768,19421bc286424246b6b1e873e7a55a8e,1859,6,65886bc4-247d-4074-af68-c297a389e0f2,opponent_prev_move_positive,"{'rock': {'rock': 0.04999999999999999, 'paper': 0.9, 'scissors': 0.04999999999999999}, 'paper': {'rock': 0.04999999999999999, 'paper': 0.04999999999999999, 'scissors': 0.9}, 'scissors': {'rock': 0.9, 'paper': 0.04999999999999999, 'scissors': 0.04999999999999999}}",1582332110634,paper,0,loss,0,-1,-4
6f08e7db-3391-4555-bdfa-ac4625dad014,2,1,1768,19421bc286424246b6b1e873e7a55a8e,1859,7,6c8a783e-ad9d-4214-8a85-1b04cdb7ff38,opponent_prev_move_positive,"{'rock': {'rock': 0.04999999999999999, 'paper': 0.9, 'scissors': 0.04999999999999999}, 'paper': {'rock': 0.04999999999999999, 'paper': 0.04999999999999999, 'scissors': 0.9}, 'scissors': {'rock': 0.9, 'paper': 0.04999999999999999, 'scissors': 0.04999999999999999}}",1582332112832,paper,981,win,1323,3,15
6f08e7db-3391-4555-bdfa-ac4625dad014,2,1,1768,19421bc286424246b6b1e873e7a55a8e,1859,7,65886bc4-247d-4074-af68-c297a389e0f2,opponent_prev_move_positive,"{'rock': {'rock': 0.04999999999999999, 'paper': 0.9, 'scissors': 0.04999999999999999}, 'paper': {'rock': 0.04999999999999999, 'paper': 0.04999999999999999, 'scissors': 0.9}, 'scissors': {'rock': 0.9, 'paper': 0.04999999999999999, 'scissors': 0.04999999999999999}}",1582332112832,rock,0,loss,0,-1,-5
6f08e7db-3391-4555-bdfa-ac4625dad014,2,1,1768,19421bc286424246b6b1e873e7a55a8e,1859,8,6c8a783e-ad9d-4214-8a85-1b04cdb7ff38,opponent_prev_move_positive,"{'rock': {'rock': 0.04999999999999999, 'paper': 0.9, 'scissors': 0.04999999999999999}, 'paper': {'rock': 0.04999999999999999, 'paper': 0.04999999999999999, 'scissors': 0.9}, 'scissors': {'rock': 0.9, 'paper': 0.04999999999999999, 'scissors': 0.04999999999999999}}",1582332115223,rock,860,win,1112,3,18
6f08e7db-3391-4555-bdfa-ac4625dad014,2,1,1768,19421bc286424246b6b1e873e7a55a8e,1859,8,65886bc4-247d-4074-af68-c297a389e0f2,opponent_prev_move_positive,"{'rock': {'rock': 0.04999999999999999, 'paper': 0.9, 'scissors': 0.04999999999999999}, 'paper': {'rock': 0.04999999999999999, 'paper': 0.04999999999999999, 'scissors': 0.9}, 'scissors': {'rock': 0.9, 'paper': 0.04999999999999999, 'scissors': 0.04999999999999999}}",1582332115223,scissors,0,loss,0,-1,-6
6f08e7db-3391-4555-bdfa-ac4625dad014,2,1,1768,19421bc286424246b6b1e873e7a55a8e,1859,9,6c8a783e-ad9d-4214-8a85-1b04cdb7ff38,opponent_prev_move_positive,"{'rock': {'rock': 0.04999999999999999, 'paper': 0.9, 'scissors': 0.04999999999999999}, 'paper': {'rock': 0.04999999999999999, 'paper': 0.04999999999999999, 'scissors': 0.9}, 'scissors': {'rock': 0.9, 'paper': 0.04999999999999999, 'scissors': 0.04999999999999999}}",1582332117226,scissors,1552,loss,2574,-1,21
6f08e7db-3391-4555-bdfa-ac4625dad014,2,1,1768,19421bc286424246b6b1e873e7a55a8e,1859,9,65886bc4-247d-4074-af68-c297a389e0f2,opponent_prev_move_positive,"{'rock': {'rock': 0.04999999999999999, 'paper': 0.9, 'scissors': 0.04999999999999999}, 'paper': {'rock': 0.04999999999999999, 'paper': 0.04999999999999999, 'scissors': 0.9}, 'scissors': {'rock': 0.9, 'paper': 0.04999999999999999, 'scissors': 0.04999999999999999}}",1582332117226,rock,0,win,0,3,-7
6f08e7db-3391-4555-bdfa-ac4625dad014,2,1,1768,19421bc286424246b6b1e873e7a55a8e,1859,10,6c8a783e-ad9d-4214-8a85-1b04cdb7ff38,opponent_prev_move_positive,"{'rock': {'rock': 0.04999999999999999, 'paper': 0.9, 'scissors': 0.04999999999999999}, 'paper': {'rock': 0.04999999999999999, 'paper': 0.04999999999999999, 'scissors': 0.9}, 'scissors': {'rock': 0.9, 'paper': 0.04999999999999999, 'scissors': 0.04999999999999999}}",1582332121384,scissors,953,loss,15764,-1,20
6f08e7db-3391-4555-bdfa-ac4625dad014,2,1,1768,19421bc286424246b6b1e873e7a55a8e,1859,10,65886bc4-247d-4074-af68-c297a389e0f2,opponent_prev_move_positive,"{'rock': {'rock': 0.04999999999999999, 'paper': 0.9, 'scissors': 0.04999999999999999}, 'paper': {'rock': 0.04999999999999999, 'paper': 0.04999999999999999, 'scissors': 0.9}, 'scissors': {'rock': 0.9, 'paper': 0.04999999999999999, 'scissors': 0.04999999999999999}}",1582332121384,rock,0,win,0,3,-4
d99b1265-1bc6-44b0-9e8d-846c8816852e,2,1,1768,19421bc286424246b6b1e873e7a55a8e,1859,1,581c5b1b-25c7-4b68-9e16-ce0e71994393,opponent_prev_move_nil,"{'rock': {'rock': 0.9, 'paper': 0.04999999999999999, 'scissors': 0.04999999999999999}, 'paper': {'rock': 0.04999999999999999, 'paper': 0.9, 'scissors': 0.04999999999999999}, 'scissors': {'rock': 0.04999999999999999, 'paper': 0.04999999999999999, 'scissors': 0.9}}",1582331332044,none,10000,loss,13973,-1,0
d99b1265-1bc6-44b0-9e8d-846c8816852e,2,1,1768,19421bc286424246b6b1e873e7a55a8e,1859,1,901c322b-848b-4857-be0f-66456ced7ea4,opponent_prev_move_nil,"{'rock': {'rock': 0.9, 'paper': 0.04999999999999999, 'scissors': 0.04999999999999999}, 'paper': {'rock': 0.04999999999999999, 'paper': 0.9, 'scissors': 0.04999999999999999}, 'scissors': {'rock': 0.04999999999999999, 'paper': 0.04999999999999999, 'scissors': 0.9}}",1582331332044,paper,0,win,0,3,0
d99b1265-1bc6-44b0-9e8d-846c8816852e,2,1,1768,19421bc286424246b6b1e873e7a55a8e,1859,2,581c5b1b-25c7-4b68-9e16-ce0e71994393,opponent_prev_move_nil,"{'rock': {'rock': 0.9, 'paper': 0.04999999999999999, 'scissors': 0.04999999999999999}, 'paper': {'rock': 0.04999999999999999, 'paper': 0.9, 'scissors': 0.04999999999999999}, 'scissors': {'rock': 0.04999999999999999, 'paper': 0.04999999999999999, 'scissors': 0.9}}",1582331356081,scissors,955,tie,1821,0,-1
d99b1265-1bc6-44b0-9e8d-846c8816852e,2,1,1768,19421bc286424246b6b1e873e7a55a8e,1859,2,901c322b-848b-4857-be0f-66456ced7ea4,opponent_prev_move_nil,"{'rock': {'rock': 0.9, 'paper': 0.04999999999999999, 'scissors': 0.04999999999999999}, 'paper': {'rock': 0.04999999999999999, 'paper': 0.9, 'scissors': 0.04999999999999999}, 'scissors': {'rock': 0.04999999999999999, 'paper': 0.04999999999999999, 'scissors': 0.9}}",1582331356081,scissors,0,tie,0,0,3
d99b1265-1bc6-44b0-9e8d-846c8816852e,2,1,1768,19421bc286424246b6b1e873e7a55a8e,1859,3,581c5b1b-25c7-4b68-9e16-ce0e71994393,opponent_prev_move_nil,"{'rock': {'rock': 0.9, 'paper': 0.04999999999999999, 'scissors': 0.04999999999999999}, 'paper': {'rock': 0.04999999999999999, 'paper': 0.9, 'scissors': 0.04999999999999999}, 'scissors': {'rock': 0.04999999999999999, 'paper': 0.04999999999999999, 'scissors': 0.9}}",1582331358896,scissors,1169,tie,11780,0,-1
d99b1265-1bc6-44b0-9e8d-846c8816852e,2,1,1768,19421bc286424246b6b1e873e7a55a8e,1859,3,901c322b-848b-4857-be0f-66456ced7ea4,opponent_prev_move_nil,"{'rock': {'rock': 0.9, 'paper': 0.04999999999999999, 'scissors': 0.04999999999999999}, 'paper': {'rock': 0.04999999999999999, 'paper': 0.9, 'scissors': 0.04999999999999999}, 'scissors': {'rock': 0.04999999999999999, 'paper': 0.04999999999999999, 'scissors': 0.9}}",1582331358896,scissors,0,tie,0,0,3
d99b1265-1bc6-44b0-9e8d-846c8816852e,2,1,1768,19421bc286424246b6b1e873e7a55a8e,1859,4,581c5b1b-25c7-4b68-9e16-ce0e71994393,opponent_prev_move_nil,"{'rock': {'rock': 0.9, 'paper': 0.04999999999999999, 'scissors': 0.04999999999999999}, 'paper': {'rock': 0.04999999999999999, 'paper': 0.9, 'scissors': 0.04999999999999999}, 'scissors': {'rock': 0.04999999999999999, 'paper': 0.04999999999999999, 'scissors': 0.9}}",1582331371876,none,10000,loss,7760,-1,-1
d99b1265-1bc6-44b0-9e8d-846c8816852e,2,1,1768,19421bc286424246b6b1e873e7a55a8e,1859,4,901c322b-848b-4857-be0f-66456ced7ea4,opponent_prev_move_nil,"{'rock': {'rock': 0.9, 'paper': 0.04999999999999999, 'scissors': 0.04999999999999999}, 'paper': {'rock': 0.04999999999999999, 'paper': 0.9, 'scissors': 0.04999999999999999}, 'scissors': {'rock': 0.04999999999999999, 'paper': 0.04999999999999999, 'scissors': 0.9}}",1582331371876,scissors,0,win,0,3,3
d99b1265-1bc6-44b0-9e8d-846c8816852e,2,1,1768,19421bc286424246b6b1e873e7a55a8e,1859,5,581c5b1b-25c7-4b68-9e16-ce0e71994393,opponent_prev_move_nil,"{'rock': {'rock': 0.9, 'paper': 0.04999999999999999, 'scissors': 0.04999999999999999}, 'paper': {'rock': 0.04999999999999999, 'paper': 0.9, 'scissors': 0.04999999999999999}, 'scissors': {'rock': 0.04999999999999999, 'paper': 0.04999999999999999, 'scissors': 0.9}}",1582331389672,paper,1414,loss,1849,-1,-2
d99b1265-1bc6-44b0-9e8d-846c8816852e,2,1,1768,19421bc286424246b6b1e873e7a55a8e,1859,5,901c322b-848b-4857-be0f-66456ced7ea4,opponent_prev_move_nil,"{'rock': {'rock': 0.9, 'paper': 0.04999999999999999, 'scissors': 0.04999999999999999}, 'paper': {'rock': 0.04999999999999999, 'paper': 0.9, 'scissors': 0.04999999999999999}, 'scissors': {'rock': 0.04999999999999999, 'paper': 0.04999999999999999, 'scissors': 0.9}}",1582331389672,scissors,0,win,0,3,6
d99b1265-1bc6-44b0-9e8d-846c8816852e,2,1,1768,19421bc286424246b6b1e873e7a55a8e,1859,6,581c5b1b-25c7-4b68-9e16-ce0e71994393,opponent_prev_move_nil,"{'rock': {'rock': 0.9, 'paper': 0.04999999999999999, 'scissors': 0.04999999999999999}, 'paper': {'rock': 0.04999999999999999, 'paper': 0.9, 'scissors': 0.04999999999999999}, 'scissors': {'rock': 0.04999999999999999, 'paper': 0.04999999999999999, 'scissors': 0.9}}",1582331392968,rock,1233,loss,2038,-1,-3
d99b1265-1bc6-44b0-9e8d-846c8816852e,2,1,1768,19421bc286424246b6b1e873e7a55a8e,1859,6,901c322b-848b-4857-be0f-66456ced7ea4,opponent_prev_move_nil,"{'rock': {'rock': 0.9, 'paper': 0.04999999999999999, 'scissors': 0.04999999999999999}, 'paper': {'rock': 0.04999999999999999, 'paper': 0.9, 'scissors': 0.04999999999999999}, 'scissors': {'rock': 0.04999999999999999, 'paper': 0.04999999999999999, 'scissors': 0.9}}",1582331392968,paper,0,win,0,3,9
d99b1265-1bc6-44b0-9e8d-846c8816852e,2,1,1768,19421bc286424246b6b1e873e7a55a8e,1859,7,581c5b1b-25c7-4b68-9e16-ce0e71994393,opponent_prev_move_nil,"{'rock': {'rock': 0.9, 'paper': 0.04999999999999999, 'scissors': 0.04999999999999999}, 'paper': {'rock': 0.04999999999999999, 'paper': 0.9, 'scissors': 0.04999999999999999}, 'scissors': {'rock': 0.04999999999999999, 'paper': 0.04999999999999999, 'scissors': 0.9}}",1582331396341,scissors,1219,loss,3416,-1,-4
d99b1265-1bc6-44b0-9e8d-846c8816852e,2,1,1768,19421bc286424246b6b1e873e7a55a8e,1859,7,901c322b-848b-4857-be0f-66456ced7ea4,opponent_prev_move_nil,"{'rock': {'rock': 0.9, 'paper': 0.04999999999999999, 'scissors': 0.04999999999999999}, 'paper': {'rock': 0.04999999999999999, 'paper': 0.9, 'scissors': 0.04999999999999999}, 'scissors': {'rock': 0.04999999999999999, 'paper': 0.04999999999999999, 'scissors': 0.9}}",1582331396341,rock,0,win,0,3,12
d99b1265-1bc6-44b0-9e8d-846c8816852e,2,1,1768,19421bc286424246b6b1e873e7a55a8e,1859,8,581c5b1b-25c7-4b68-9e16-ce0e71994393,opponent_prev_move_nil,"{'rock': {'rock': 0.9, 'paper': 0.04999999999999999, 'scissors': 0.04999999999999999}, 'paper': {'rock': 0.04999999999999999, 'paper': 0.9, 'scissors': 0.04999999999999999}, 'scissors': {'rock': 0.04999999999999999, 'paper': 0.04999999999999999, 'scissors': 0.9}}",1582331401010,rock,1347,win,2360,3,-5
d99b1265-1bc6-44b0-9e8d-846c8816852e,2,1,1768,19421bc286424246b6b1e873e7a55a8e,1859,8,901c322b-848b-4857-be0f-66456ced7ea4,opponent_prev_move_nil,"{'rock': {'rock': 0.9, 'paper': 0.04999999999999999, 'scissors': 0.04999999999999999}, 'paper': {'rock': 0.04999999999999999, 'paper': 0.9, 'scissors': 0.04999999999999999}, 'scissors': {'rock': 0.04999999999999999, 'paper': 0.04999999999999999, 'scissors': 0.9}}",1582331401010,scissors,0,loss,0,-1,15
d99b1265-1bc6-44b0-9e8d-846c8816852e,2,1,1768,19421bc286424246b6b1e873e7a55a8e,1859,9,581c5b1b-25c7-4b68-9e16-ce0e71994393,opponent_prev_move_nil,"{'rock': {'rock': 0.9, 'paper': 0.04999999999999999, 'scissors': 0.04999999999999999}, 'paper': {'rock': 0.04999999999999999, 'paper': 0.9, 'scissors': 0.04999999999999999}, 'scissors': {'rock': 0.04999999999999999, 'paper': 0.04999999999999999, 'scissors': 0.9}}",1582331404752,scissors,1018,loss,2362,-1,-2
d99b1265-1bc6-44b0-9e8d-846c8816852e,2,1,1768,19421bc286424246b6b1e873e7a55a8e,1859,9,901c322b-848b-4857-be0f-66456ced7ea4,opponent_prev_move_nil,"{'rock': {'rock': 0.9, 'paper': 0.04999999999999999, 'scissors': 0.04999999999999999}, 'paper': {'rock': 0.04999999999999999, 'paper': 0.9, 'scissors': 0.04999999999999999}, 'scissors': {'rock': 0.04999999999999999, 'paper': 0.04999999999999999, 'scissors': 0.9}}",1582331404752,rock,0,win,0,3,14
d99b1265-1bc6-44b0-9e8d-846c8816852e,2,1,1768,19421bc286424246b6b1e873e7a55a8e,1859,10,581c5b1b-25c7-4b68-9e16-ce0e71994393,opponent_prev_move_nil,"{'rock': {'rock': 0.9, 'paper': 0.04999999999999999, 'scissors': 0.04999999999999999}, 'paper': {'rock': 0.04999999999999999, 'paper': 0.9, 'scissors': 0.04999999999999999}, 'scissors': {'rock': 0.04999999999999999, 'paper': 0.04999999999999999, 'scissors': 0.9}}",1582331408163,paper,893,loss,101858,-1,-3
d99b1265-1bc6-44b0-9e8d-846c8816852e,2,1,1768,19421bc286424246b6b1e873e7a55a8e,1859,10,901c322b-848b-4857-be0f-66456ced7ea4,opponent_prev_move_nil,"{'rock': {'rock': 0.9, 'paper': 0.04999999999999999, 'scissors': 0.04999999999999999}, 'paper': {'rock': 0.04999999999999999, 'paper': 0.9, 'scissors': 0.04999999999999999}, 'scissors': {'rock': 0.04999999999999999, 'paper': 0.04999999999999999, 'scissors': 0.9}}",1582331408163,scissors,0,win,0,3,17
f8f7bfce-636b-4b08-95f2-4b7467da29dd,2,1,1768,19421bc286424246b6b1e873e7a55a8e,1859,1,0f19a2b4-b984-4dcf-b766-51ba80bc11d0,prev_move_negative,"{'rock': {'rock': 0.04999999999999999, 'paper': 0.04999999999999999, 'scissors': 0.9}, 'paper': {'rock': 0.9, 'paper': 0.04999999999999999, 'scissors': 0.04999999999999999}, 'scissors': {'rock': 0.04999999999999999, 'paper': 0.9, 'scissors': 0.04999999999999999}}",1582591643093,paper,7308,tie,1453,0,0
f8f7bfce-636b-4b08-95f2-4b7467da29dd,2,1,1768,19421bc286424246b6b1e873e7a55a8e,1859,1,0cb6fa50-3309-4bbc-a295-2121abf13d54,prev_move_negative,"{'rock': {'rock': 0.04999999999999999, 'paper': 0.04999999999999999, 'scissors': 0.9}, 'paper': {'rock': 0.9, 'paper': 0.04999999999999999, 'scissors': 0.04999999999999999}, 'scissors': {'rock': 0.04999999999999999, 'paper': 0.9, 'scissors': 0.04999999999999999}}",1582591643093,paper,0,tie,0,0,0
f8f7bfce-636b-4b08-95f2-4b7467da29dd,2,1,1768,19421bc286424246b6b1e873e7a55a8e,1859,2,0f19a2b4-b984-4dcf-b766-51ba80bc11d0,prev_move_negative,"{'rock': {'rock': 0.04999999999999999, 'paper': 0.04999999999999999, 'scissors': 0.9}, 'paper': {'rock': 0.9, 'paper': 0.04999999999999999, 'scissors': 0.04999999999999999}, 'scissors': {'rock': 0.04999999999999999, 'paper': 0.9, 'scissors': 0.04999999999999999}}",1582591651888,none,10000,loss,3861,-1,0
f8f7bfce-636b-4b08-95f2-4b7467da29dd,2,1,1768,19421bc286424246b6b1e873e7a55a8e,1859,2,0cb6fa50-3309-4bbc-a295-2121abf13d54,prev_move_negative,"{'rock': {'rock': 0.04999999999999999, 'paper': 0.04999999999999999, 'scissors': 0.9}, 'paper': {'rock': 0.9, 'paper': 0.04999999999999999, 'scissors': 0.04999999999999999}, 'scissors': {'rock': 0.04999999999999999, 'paper': 0.9, 'scissors': 0.04999999999999999}}",1582591651888,rock,0,win,0,3,0
f8f7bfce-636b-4b08-95f2-4b7467da29dd,2,1,1768,19421bc286424246b6b1e873e7a55a8e,1859,3,0f19a2b4-b984-4dcf-b766-51ba80bc11d0,prev_move_negative,"{'rock': {'rock': 0.04999999999999999, 'paper': 0.04999999999999999, 'scissors': 0.9}, 'paper': {'rock': 0.9, 'paper': 0.04999999999999999, 'scissors': 0.04999999999999999}, 'scissors': {'rock': 0.04999999999999999, 'paper': 0.9, 'scissors': 0.04999999999999999}}",1582591665759,rock,4865,win,2334,3,-1
f8f7bfce-636b-4b08-95f2-4b7467da29dd,2,1,1768,19421bc286424246b6b1e873e7a55a8e,1859,3,0cb6fa50-3309-4bbc-a295-2121abf13d54,prev_move_negative,"{'rock': {'rock': 0.04999999999999999, 'paper': 0.04999999999999999, 'scissors': 0.9}, 'paper': {'rock': 0.9, 'paper': 0.04999999999999999, 'scissors': 0.04999999999999999}, 'scissors': {'rock': 0.04999999999999999, 'paper': 0.9, 'scissors': 0.04999999999999999}}",1582591665759,scissors,0,loss,0,-1,3
f8f7bfce-636b-4b08-95f2-4b7467da29dd,2,1,1768,19421bc286424246b6b1e873e7a55a8e,1859,4,0f19a2b4-b984-4dcf-b766-51ba80bc11d0,prev_move_negative,"{'rock': {'rock': 0.04999999999999999, 'paper': 0.04999999999999999, 'scissors': 0.9}, 'paper': {'rock': 0.9, 'paper': 0.04999999999999999, 'scissors': 0.04999999999999999}, 'scissors': {'rock': 0.04999999999999999, 'paper': 0.9, 'scissors': 0.04999999999999999}}",1582591672969,scissors,2139,tie,1874,0,2
f8f7bfce-636b-4b08-95f2-4b7467da29dd,2,1,1768,19421bc286424246b6b1e873e7a55a8e,1859,4,0cb6fa50-3309-4bbc-a295-2121abf13d54,prev_move_negative,"{'rock': {'rock': 0.04999999999999999, 'paper': 0.04999999999999999, 'scissors': 0.9}, 'paper': {'rock': 0.9, 'paper': 0.04999999999999999, 'scissors': 0.04999999999999999}, 'scissors': {'rock': 0.04999999999999999, 'paper': 0.9, 'scissors': 0.04999999999999999}}",1582591672969,scissors,0,tie,0,0,2
f8f7bfce-636b-4b08-95f2-4b7467da29dd,2,1,1768,19421bc286424246b6b1e873e7a55a8e,1859,5,0f19a2b4-b984-4dcf-b766-51ba80bc11d0,prev_move_negative,"{'rock': {'rock': 0.04999999999999999, 'paper': 0.04999999999999999, 'scissors': 0.9}, 'paper': {'rock': 0.9, 'paper': 0.04999999999999999, 'scissors': 0.04999999999999999}, 'scissors': {'rock': 0.04999999999999999, 'paper': 0.9, 'scissors': 0.04999999999999999}}",1582591676993,paper,4267,tie,2217,0,2
f8f7bfce-636b-4b08-95f2-4b7467da29dd,2,1,1768,19421bc286424246b6b1e873e7a55a8e,1859,5,0cb6fa50-3309-4bbc-a295-2121abf13d54,prev_move_negative,"{'rock': {'rock': 0.04999999999999999, 'paper': 0.04999999999999999, 'scissors': 0.9}, 'paper': {'rock': 0.9, 'paper': 0.04999999999999999, 'scissors': 0.04999999999999999}, 'scissors': {'rock': 0.04999999999999999, 'paper': 0.9, 'scissors': 0.04999999999999999}}",1582591676993,paper,0,tie,0,0,2
f8f7bfce-636b-4b08-95f2-4b7467da29dd,2,1,1768,19421bc286424246b6b1e873e7a55a8e,1859,6,0f19a2b4-b984-4dcf-b766-51ba80bc11d0,prev_move_negative,"{'rock': {'rock': 0.04999999999999999, 'paper': 0.04999999999999999, 'scissors': 0.9}, 'paper': {'rock': 0.9, 'paper': 0.04999999999999999, 'scissors': 0.04999999999999999}, 'scissors': {'rock': 0.04999999999999999, 'paper': 0.9, 'scissors': 0.04999999999999999}}",1582591683487,scissors,2202,loss,10118,-1,2
f8f7bfce-636b-4b08-95f2-4b7467da29dd,2,1,1768,19421bc286424246b6b1e873e7a55a8e,1859,6,0cb6fa50-3309-4bbc-a295-2121abf13d54,prev_move_negative,"{'rock': {'rock': 0.04999999999999999, 'paper': 0.04999999999999999, 'scissors': 0.9}, 'paper': {'rock': 0.9, 'paper': 0.04999999999999999, 'scissors': 0.04999999999999999}, 'scissors': {'rock': 0.04999999999999999, 'paper': 0.9, 'scissors': 0.04999999999999999}}",1582591683487,rock,0,win,0,3,2
f8f7bfce-636b-4b08-95f2-4b7467da29dd,2,1,1768,19421bc286424246b6b1e873e7a55a8e,1859,7,0f19a2b4-b984-4dcf-b766-51ba80bc11d0,prev_move_negative,"{'rock': {'rock': 0.04999999999999999, 'paper': 0.04999999999999999, 'scissors': 0.9}, 'paper': {'rock': 0.9, 'paper': 0.04999999999999999, 'scissors': 0.04999999999999999}, 'scissors': {'rock': 0.04999999999999999, 'paper': 0.9, 'scissors': 0.04999999999999999}}",1582591695816,rock,2028,win,3917,3,1
f8f7bfce-636b-4b08-95f2-4b7467da29dd,2,1,1768,19421bc286424246b6b1e873e7a55a8e,1859,7,0cb6fa50-3309-4bbc-a295-2121abf13d54,prev_move_negative,"{'rock': {'rock': 0.04999999999999999, 'paper': 0.04999999999999999, 'scissors': 0.9}, 'paper': {'rock': 0.9, 'paper': 0.04999999999999999, 'scissors': 0.04999999999999999}, 'scissors': {'rock': 0.04999999999999999, 'paper': 0.9, 'scissors': 0.04999999999999999}}",1582591695816,scissors,0,loss,0,-1,5
f8f7bfce-636b-4b08-95f2-4b7467da29dd,2,1,1768,19421bc286424246b6b1e873e7a55a8e,1859,8,0f19a2b4-b984-4dcf-b766-51ba80bc11d0,prev_move_negative,"{'rock': {'rock': 0.04999999999999999, 'paper': 0.04999999999999999, 'scissors': 0.9}, 'paper': {'rock': 0.9, 'paper': 0.04999999999999999, 'scissors': 0.04999999999999999}, 'scissors': {'rock': 0.04999999999999999, 'paper': 0.9, 'scissors': 0.04999999999999999}}",1582591701769,paper,5448,tie,1981,0,4
f8f7bfce-636b-4b08-95f2-4b7467da29dd,2,1,1768,19421bc286424246b6b1e873e7a55a8e,1859,8,0cb6fa50-3309-4bbc-a295-2121abf13d54,prev_move_negative,"{'rock': {'rock': 0.04999999999999999, 'paper': 0.04999999999999999, 'scissors': 0.9}, 'paper': {'rock': 0.9, 'paper': 0.04999999999999999, 'scissors': 0.04999999999999999}, 'scissors': {'rock': 0.04999999999999999, 'paper': 0.9, 'scissors': 0.04999999999999999}}",1582591701769,paper,0,tie,0,0,4
f8f7bfce-636b-4b08-95f2-4b7467da29dd,2,1,1768,19421bc286424246b6b1e873e7a55a8e,1859,9,0f19a2b4-b984-4dcf-b766-51ba80bc11d0,prev_move_negative,"{'rock': {'rock': 0.04999999999999999, 'paper': 0.04999999999999999, 'scissors': 0.9}, 'paper': {'rock': 0.9, 'paper': 0.04999999999999999, 'scissors': 0.04999999999999999}, 'scissors': {'rock': 0.04999999999999999, 'paper': 0.9, 'scissors': 0.04999999999999999}}",1582591709208,scissors,5796,loss,1493,-1,4
f8f7bfce-636b-4b08-95f2-4b7467da29dd,2,1,1768,19421bc286424246b6b1e873e7a55a8e,1859,9,0cb6fa50-3309-4bbc-a295-2121abf13d54,prev_move_negative,"{'rock': {'rock': 0.04999999999999999, 'paper': 0.04999999999999999, 'scissors': 0.9}, 'paper': {'rock': 0.9, 'paper': 0.04999999999999999, 'scissors': 0.04999999999999999}, 'scissors': {'rock': 0.04999999999999999, 'paper': 0.9, 'scissors': 0.04999999999999999}}",1582591709208,rock,0,win,0,3,4
f8f7bfce-636b-4b08-95f2-4b7467da29dd,2,1,1768,19421bc286424246b6b1e873e7a55a8e,1859,10,0f19a2b4-b984-4dcf-b766-51ba80bc11d0,prev_move_negative,"{'rock': {'rock': 0.04999999999999999, 'paper': 0.04999999999999999, 'scissors': 0.9}, 'paper': {'rock': 0.9, 'paper': 0.04999999999999999, 'scissors': 0.04999999999999999}, 'scissors': {'rock': 0.04999999999999999, 'paper': 0.9, 'scissors': 0.04999999999999999}}",1582591716508,paper,8812,loss,2584,-1,3
f8f7bfce-636b-4b08-95f2-4b7467da29dd,2,1,1768,19421bc286424246b6b1e873e7a55a8e,1859,10,0cb6fa50-3309-4bbc-a295-2121abf13d54,prev_move_negative,"{'rock': {'rock': 0.04999999999999999, 'paper': 0.04999999999999999, 'scissors': 0.9}, 'paper': {'rock': 0.9, 'paper': 0.04999999999999999, 'scissors': 0.04999999999999999}, 'scissors': {'rock': 0.04999999999999999, 'paper': 0.9, 'scissors': 0.04999999999999999}}",1582591716508,scissors,0,win,0,3,7
