game_id,round_index,player1_id,player2_id,round_begin_ts,player1_move,player2_move,player1_rt,player2_rt,player1_outcome,player2_outcome,player1_outcome_viewtime,player2_outcome_viewtime,player1_points,player2_points,player1_total,player2_total
f83edd0f-9704-4725-840d-b5a9b4f454b3,1,1f59d159-b1ef-4ba1-98cc-8cab0bd7b702,d40a19c9-3c2c-4c64-ad92-a646a285f8f2,1578949434071,paper,scissors,2996,1513,loss,win,2238,2567,-1,3,0,0
f83edd0f-9704-4725-840d-b5a9b4f454b3,2,1f59d159-b1ef-4ba1-98cc-8cab0bd7b702,d40a19c9-3c2c-4c64-ad92-a646a285f8f2,1578949439677,rock,paper,756,928,loss,win,1625,1433,-1,3,-1,3
f83edd0f-9704-4725-840d-b5a9b4f454b3,3,1f59d159-b1ef-4ba1-98cc-8cab0bd7b702,d40a19c9-3c2c-4c64-ad92-a646a285f8f2,1578949442248,scissors,paper,1290,790,win,loss,1693,754,3,-1,-2,6
f83edd0f-9704-4725-840d-b5a9b4f454b3,4,1f59d159-b1ef-4ba1-98cc-8cab0bd7b702,d40a19c9-3c2c-4c64-ad92-a646a285f8f2,1578949445257,scissors,paper,991,853,win,loss,1601,480,3,-1,1,5
f83edd0f-9704-4725-840d-b5a9b4f454b3,5,1f59d159-b1ef-4ba1-98cc-8cab0bd7b702,d40a19c9-3c2c-4c64-ad92-a646a285f8f2,1578949447864,paper,scissors,971,1223,loss,win,1650,1186,-1,3,4,4
f83edd0f-9704-4725-840d-b5a9b4f454b3,6,1f59d159-b1ef-4ba1-98cc-8cab0bd7b702,d40a19c9-3c2c-4c64-ad92-a646a285f8f2,1578949450752,rock,rock,819,1102,tie,tie,1143,1048,0,0,3,7
f83edd0f-9704-4725-840d-b5a9b4f454b3,7,1f59d159-b1ef-4ba1-98cc-8cab0bd7b702,d40a19c9-3c2c-4c64-ad92-a646a285f8f2,1578949453016,scissors,rock,599,638,loss,win,1339,947,-1,3,3,7
f83edd0f-9704-4725-840d-b5a9b4f454b3,8,1f59d159-b1ef-4ba1-98cc-8cab0bd7b702,d40a19c9-3c2c-4c64-ad92-a646a285f8f2,1578949455007,paper,scissors,752,744,loss,win,1638,895,-1,3,2,10
f83edd0f-9704-4725-840d-b5a9b4f454b3,9,1f59d159-b1ef-4ba1-98cc-8cab0bd7b702,d40a19c9-3c2c-4c64-ad92-a646a285f8f2,1578949457416,paper,rock,576,399,win,loss,1193,632,3,-1,1,13
f83edd0f-9704-4725-840d-b5a9b4f454b3,10,1f59d159-b1ef-4ba1-98cc-8cab0bd7b702,d40a19c9-3c2c-4c64-ad92-a646a285f8f2,1578949459200,scissors,paper,984,413,win,loss,1369,785,3,-1,4,12
f83edd0f-9704-4725-840d-b5a9b4f454b3,11,1f59d159-b1ef-4ba1-98cc-8cab0bd7b702,d40a19c9-3c2c-4c64-ad92-a646a285f8f2,1578949461571,paper,rock,1253,746,win,loss,1176,887,3,-1,7,11
f83edd0f-9704-4725-840d-b5a9b4f454b3,12,1f59d159-b1ef-4ba1-98cc-8cab0bd7b702,d40a19c9-3c2c-4c64-ad92-a646a285f8f2,1578949464016,rock,rock,914,1278,tie,tie,1937,771,0,0,10,10
f83edd0f-9704-4725-840d-b5a9b4f454b3,13,1f59d159-b1ef-4ba1-98cc-8cab0bd7b702,d40a19c9-3c2c-4c64-ad92-a646a285f8f2,1578949467248,scissors,rock,868,710,loss,win,1176,912,-1,3,10,10
f83edd0f-9704-4725-840d-b5a9b4f454b3,14,1f59d159-b1ef-4ba1-98cc-8cab0bd7b702,d40a19c9-3c2c-4c64-ad92-a646a285f8f2,1578949469312,paper,rock,777,1319,win,loss,1002,913,3,-1,9,13
f83edd0f-9704-4725-840d-b5a9b4f454b3,15,1f59d159-b1ef-4ba1-98cc-8cab0bd7b702,d40a19c9-3c2c-4c64-ad92-a646a285f8f2,1578949471650,paper,scissors,669,899,loss,win,767,940,-1,3,12,12
f83edd0f-9704-4725-840d-b5a9b4f454b3,16,1f59d159-b1ef-4ba1-98cc-8cab0bd7b702,d40a19c9-3c2c-4c64-ad92-a646a285f8f2,1578949473501,paper,paper,1002,682,tie,tie,1169,688,0,0,11,15
f83edd0f-9704-4725-840d-b5a9b4f454b3,17,1f59d159-b1ef-4ba1-98cc-8cab0bd7b702,d40a19c9-3c2c-4c64-ad92-a646a285f8f2,1578949475688,paper,scissors,1095,406,loss,win,1057,737,-1,3,11,15
f83edd0f-9704-4725-840d-b5a9b4f454b3,18,1f59d159-b1ef-4ba1-98cc-8cab0bd7b702,d40a19c9-3c2c-4c64-ad92-a646a285f8f2,1578949477856,scissors,scissors,768,552,tie,tie,1058,1744,0,0,10,18
f83edd0f-9704-4725-840d-b5a9b4f454b3,19,1f59d159-b1ef-4ba1-98cc-8cab0bd7b702,d40a19c9-3c2c-4c64-ad92-a646a285f8f2,1578949480381,paper,scissors,1064,698,loss,win,1112,609,-1,3,10,18
f83edd0f-9704-4725-840d-b5a9b4f454b3,20,1f59d159-b1ef-4ba1-98cc-8cab0bd7b702,d40a19c9-3c2c-4c64-ad92-a646a285f8f2,1578949482575,rock,rock,897,679,tie,tie,1193,649,0,0,9,21
f83edd0f-9704-4725-840d-b5a9b4f454b3,21,1f59d159-b1ef-4ba1-98cc-8cab0bd7b702,d40a19c9-3c2c-4c64-ad92-a646a285f8f2,1578949484679,rock,paper,773,392,loss,win,1065,424,-1,3,9,21
f83edd0f-9704-4725-840d-b5a9b4f454b3,22,1f59d159-b1ef-4ba1-98cc-8cab0bd7b702,d40a19c9-3c2c-4c64-ad92-a646a285f8f2,1578949486536,paper,rock,1247,239,win,loss,1232,648,3,-1,8,24
f83edd0f-9704-4725-840d-b5a9b4f454b3,23,1f59d159-b1ef-4ba1-98cc-8cab0bd7b702,d40a19c9-3c2c-4c64-ad92-a646a285f8f2,1578949489031,scissors,scissors,1417,529,tie,tie,929,601,0,0,11,23
f83edd0f-9704-4725-840d-b5a9b4f454b3,24,1f59d159-b1ef-4ba1-98cc-8cab0bd7b702,d40a19c9-3c2c-4c64-ad92-a646a285f8f2,1578949491391,rock,scissors,838,968,win,loss,1035,708,3,-1,11,23
f83edd0f-9704-4725-840d-b5a9b4f454b3,25,1f59d159-b1ef-4ba1-98cc-8cab0bd7b702,d40a19c9-3c2c-4c64-ad92-a646a285f8f2,1578949493407,paper,scissors,1590,472,loss,win,1034,416,-1,3,14,22
f83edd0f-9704-4725-840d-b5a9b4f454b3,26,1f59d159-b1ef-4ba1-98cc-8cab0bd7b702,d40a19c9-3c2c-4c64-ad92-a646a285f8f2,1578949496050,scissors,rock,726,444,loss,win,1545,545,-1,3,13,25
f83edd0f-9704-4725-840d-b5a9b4f454b3,27,1f59d159-b1ef-4ba1-98cc-8cab0bd7b702,d40a19c9-3c2c-4c64-ad92-a646a285f8f2,1578949498335,rock,paper,721,423,loss,win,1633,639,-1,3,12,28
f83edd0f-9704-4725-840d-b5a9b4f454b3,28,1f59d159-b1ef-4ba1-98cc-8cab0bd7b702,d40a19c9-3c2c-4c64-ad92-a646a285f8f2,1578949500703,paper,paper,1039,576,tie,tie,922,514,0,0,11,31
f83edd0f-9704-4725-840d-b5a9b4f454b3,29,1f59d159-b1ef-4ba1-98cc-8cab0bd7b702,d40a19c9-3c2c-4c64-ad92-a646a285f8f2,1578949502679,scissors,paper,728,953,win,loss,1475,659,3,-1,11,31
f83edd0f-9704-4725-840d-b5a9b4f454b3,30,1f59d159-b1ef-4ba1-98cc-8cab0bd7b702,d40a19c9-3c2c-4c64-ad92-a646a285f8f2,1578949505119,rock,paper,1116,299,loss,win,1134,610,-1,3,14,30
f83edd0f-9704-4725-840d-b5a9b4f454b3,31,1f59d159-b1ef-4ba1-98cc-8cab0bd7b702,d40a19c9-3c2c-4c64-ad92-a646a285f8f2,1578949507390,rock,paper,808,770,loss,win,1442,1179,-1,3,13,33
f83edd0f-9704-4725-840d-b5a9b4f454b3,32,1f59d159-b1ef-4ba1-98cc-8cab0bd7b702,d40a19c9-3c2c-4c64-ad92-a646a285f8f2,1578949509655,paper,scissors,641,384,loss,win,1162,529,-1,3,12,36
f83edd0f-9704-4725-840d-b5a9b4f454b3,33,1f59d159-b1ef-4ba1-98cc-8cab0bd7b702,d40a19c9-3c2c-4c64-ad92-a646a285f8f2,1578949511471,scissors,rock,731,385,loss,win,1362,521,-1,3,11,39
f83edd0f-9704-4725-840d-b5a9b4f454b3,34,1f59d159-b1ef-4ba1-98cc-8cab0bd7b702,d40a19c9-3c2c-4c64-ad92-a646a285f8f2,1578949513575,scissors,scissors,864,320,tie,tie,1290,314,0,0,10,42
f83edd0f-9704-4725-840d-b5a9b4f454b3,35,1f59d159-b1ef-4ba1-98cc-8cab0bd7b702,d40a19c9-3c2c-4c64-ad92-a646a285f8f2,1578949515743,paper,scissors,1215,258,loss,win,1129,755,-1,3,10,42
f83edd0f-9704-4725-840d-b5a9b4f454b3,36,1f59d159-b1ef-4ba1-98cc-8cab0bd7b702,d40a19c9-3c2c-4c64-ad92-a646a285f8f2,1578949518103,paper,rock,680,649,win,loss,1130,906,3,-1,9,45
f83edd0f-9704-4725-840d-b5a9b4f454b3,37,1f59d159-b1ef-4ba1-98cc-8cab0bd7b702,d40a19c9-3c2c-4c64-ad92-a646a285f8f2,1578949519927,paper,paper,792,617,tie,tie,1089,779,0,0,12,44
f83edd0f-9704-4725-840d-b5a9b4f454b3,38,1f59d159-b1ef-4ba1-98cc-8cab0bd7b702,d40a19c9-3c2c-4c64-ad92-a646a285f8f2,1578949521823,scissors,scissors,932,442,tie,tie,1196,707,0,0,12,44
f83edd0f-9704-4725-840d-b5a9b4f454b3,39,1f59d159-b1ef-4ba1-98cc-8cab0bd7b702,d40a19c9-3c2c-4c64-ad92-a646a285f8f2,1578949523967,rock,scissors,1192,295,win,loss,1033,354,3,-1,12,44
f83edd0f-9704-4725-840d-b5a9b4f454b3,40,1f59d159-b1ef-4ba1-98cc-8cab0bd7b702,d40a19c9-3c2c-4c64-ad92-a646a285f8f2,1578949526207,paper,scissors,1575,312,loss,win,1009,323,-1,3,15,43
f83edd0f-9704-4725-840d-b5a9b4f454b3,41,1f59d159-b1ef-4ba1-98cc-8cab0bd7b702,d40a19c9-3c2c-4c64-ad92-a646a285f8f2,1578949528807,rock,paper,787,194,loss,win,1128,391,-1,3,14,46
f83edd0f-9704-4725-840d-b5a9b4f454b3,42,1f59d159-b1ef-4ba1-98cc-8cab0bd7b702,d40a19c9-3c2c-4c64-ad92-a646a285f8f2,1578949530735,scissors,scissors,663,474,tie,tie,1002,812,0,0,13,49
f83edd0f-9704-4725-840d-b5a9b4f454b3,43,1f59d159-b1ef-4ba1-98cc-8cab0bd7b702,d40a19c9-3c2c-4c64-ad92-a646a285f8f2,1578949532416,paper,paper,860,521,tie,tie,824,658,0,0,13,49
f83edd0f-9704-4725-840d-b5a9b4f454b3,44,1f59d159-b1ef-4ba1-98cc-8cab0bd7b702,d40a19c9-3c2c-4c64-ad92-a646a285f8f2,1578949534118,scissors,scissors,769,586,tie,tie,1121,675,0,0,13,49
f83edd0f-9704-4725-840d-b5a9b4f454b3,45,1f59d159-b1ef-4ba1-98cc-8cab0bd7b702,d40a19c9-3c2c-4c64-ad92-a646a285f8f2,1578949536023,scissors,scissors,1448,289,tie,tie,1022,385,0,0,13,49
f83edd0f-9704-4725-840d-b5a9b4f454b3,46,1f59d159-b1ef-4ba1-98cc-8cab0bd7b702,d40a19c9-3c2c-4c64-ad92-a646a285f8f2,1578949538510,rock,rock,827,379,tie,tie,1058,747,0,0,13,49
f83edd0f-9704-4725-840d-b5a9b4f454b3,47,1f59d159-b1ef-4ba1-98cc-8cab0bd7b702,d40a19c9-3c2c-4c64-ad92-a646a285f8f2,1578949540415,scissors,paper,752,329,win,loss,923,714,3,-1,13,49
f83edd0f-9704-4725-840d-b5a9b4f454b3,48,1f59d159-b1ef-4ba1-98cc-8cab0bd7b702,d40a19c9-3c2c-4c64-ad92-a646a285f8f2,1578949542103,paper,rock,897,537,win,loss,952,459,3,-1,16,48
f83edd0f-9704-4725-840d-b5a9b4f454b3,49,1f59d159-b1ef-4ba1-98cc-8cab0bd7b702,d40a19c9-3c2c-4c64-ad92-a646a285f8f2,1578949543967,scissors,scissors,721,497,tie,tie,887,642,0,0,19,47
f83edd0f-9704-4725-840d-b5a9b4f454b3,50,1f59d159-b1ef-4ba1-98cc-8cab0bd7b702,d40a19c9-3c2c-4c64-ad92-a646a285f8f2,1578949545590,paper,rock,689,1170,win,loss,687,821,3,-1,19,47
f83edd0f-9704-4725-840d-b5a9b4f454b3,51,1f59d159-b1ef-4ba1-98cc-8cab0bd7b702,d40a19c9-3c2c-4c64-ad92-a646a285f8f2,1578949547591,rock,paper,887,667,loss,win,1100,770,-1,3,22,46
f83edd0f-9704-4725-840d-b5a9b4f454b3,52,1f59d159-b1ef-4ba1-98cc-8cab0bd7b702,d40a19c9-3c2c-4c64-ad92-a646a285f8f2,1578949549591,scissors,paper,1081,409,win,loss,987,772,3,-1,21,49
f83edd0f-9704-4725-840d-b5a9b4f454b3,53,1f59d159-b1ef-4ba1-98cc-8cab0bd7b702,d40a19c9-3c2c-4c64-ad92-a646a285f8f2,1578949551674,scissors,scissors,886,454,tie,tie,880,692,0,0,24,48
f83edd0f-9704-4725-840d-b5a9b4f454b3,54,1f59d159-b1ef-4ba1-98cc-8cab0bd7b702,d40a19c9-3c2c-4c64-ad92-a646a285f8f2,1578949553456,paper,scissors,790,528,loss,win,936,676,-1,3,24,48
f83edd0f-9704-4725-840d-b5a9b4f454b3,55,1f59d159-b1ef-4ba1-98cc-8cab0bd7b702,d40a19c9-3c2c-4c64-ad92-a646a285f8f2,1578949555198,scissors,rock,584,674,loss,win,1001,773,-1,3,23,51
f83edd0f-9704-4725-840d-b5a9b4f454b3,56,1f59d159-b1ef-4ba1-98cc-8cab0bd7b702,d40a19c9-3c2c-4c64-ad92-a646a285f8f2,1578949556887,rock,scissors,822,481,win,loss,936,563,3,-1,22,54
f83edd0f-9704-4725-840d-b5a9b4f454b3,57,1f59d159-b1ef-4ba1-98cc-8cab0bd7b702,d40a19c9-3c2c-4c64-ad92-a646a285f8f2,1578949558662,paper,paper,760,362,tie,tie,1152,538,0,0,25,53
f83edd0f-9704-4725-840d-b5a9b4f454b3,58,1f59d159-b1ef-4ba1-98cc-8cab0bd7b702,d40a19c9-3c2c-4c64-ad92-a646a285f8f2,1578949560590,rock,paper,759,155,loss,win,922,324,-1,3,25,53
f83edd0f-9704-4725-840d-b5a9b4f454b3,59,1f59d159-b1ef-4ba1-98cc-8cab0bd7b702,d40a19c9-3c2c-4c64-ad92-a646a285f8f2,1578949562286,paper,scissors,584,314,loss,win,1042,628,-1,3,24,56
f83edd0f-9704-4725-840d-b5a9b4f454b3,60,1f59d159-b1ef-4ba1-98cc-8cab0bd7b702,d40a19c9-3c2c-4c64-ad92-a646a285f8f2,1578949563926,scissors,paper,562,651,win,loss,1033,956,3,-1,23,59
f83edd0f-9704-4725-840d-b5a9b4f454b3,61,1f59d159-b1ef-4ba1-98cc-8cab0bd7b702,d40a19c9-3c2c-4c64-ad92-a646a285f8f2,1578949565622,scissors,rock,739,803,loss,win,994,917,-1,3,26,58
f83edd0f-9704-4725-840d-b5a9b4f454b3,62,1f59d159-b1ef-4ba1-98cc-8cab0bd7b702,d40a19c9-3c2c-4c64-ad92-a646a285f8f2,1578949567430,scissors,scissors,600,476,tie,tie,1066,747,0,0,25,61
f83edd0f-9704-4725-840d-b5a9b4f454b3,63,1f59d159-b1ef-4ba1-98cc-8cab0bd7b702,d40a19c9-3c2c-4c64-ad92-a646a285f8f2,1578949569110,rock,paper,753,483,loss,win,960,700,-1,3,25,61
f83edd0f-9704-4725-840d-b5a9b4f454b3,64,1f59d159-b1ef-4ba1-98cc-8cab0bd7b702,d40a19c9-3c2c-4c64-ad92-a646a285f8f2,1578949570838,paper,scissors,723,403,loss,win,1499,644,-1,3,24,64
f83edd0f-9704-4725-840d-b5a9b4f454b3,65,1f59d159-b1ef-4ba1-98cc-8cab0bd7b702,d40a19c9-3c2c-4c64-ad92-a646a285f8f2,1578949573070,paper,rock,679,228,win,loss,905,348,3,-1,23,67
f83edd0f-9704-4725-840d-b5a9b4f454b3,66,1f59d159-b1ef-4ba1-98cc-8cab0bd7b702,d40a19c9-3c2c-4c64-ad92-a646a285f8f2,1578949574669,rock,scissors,775,500,win,loss,1012,564,3,-1,26,66
f83edd0f-9704-4725-840d-b5a9b4f454b3,67,1f59d159-b1ef-4ba1-98cc-8cab0bd7b702,d40a19c9-3c2c-4c64-ad92-a646a285f8f2,1578949576470,paper,scissors,919,443,loss,win,996,429,-1,3,29,65
f83edd0f-9704-4725-840d-b5a9b4f454b3,68,1f59d159-b1ef-4ba1-98cc-8cab0bd7b702,d40a19c9-3c2c-4c64-ad92-a646a285f8f2,1578949578398,rock,rock,795,355,tie,tie,921,659,0,0,28,68
f83edd0f-9704-4725-840d-b5a9b4f454b3,69,1f59d159-b1ef-4ba1-98cc-8cab0bd7b702,d40a19c9-3c2c-4c64-ad92-a646a285f8f2,1578949580126,scissors,paper,647,425,win,loss,1000,452,3,-1,28,68
f83edd0f-9704-4725-840d-b5a9b4f454b3,70,1f59d159-b1ef-4ba1-98cc-8cab0bd7b702,d40a19c9-3c2c-4c64-ad92-a646a285f8f2,1578949581788,paper,rock,753,277,win,loss,1139,694,3,-1,31,67
f83edd0f-9704-4725-840d-b5a9b4f454b3,71,1f59d159-b1ef-4ba1-98cc-8cab0bd7b702,d40a19c9-3c2c-4c64-ad92-a646a285f8f2,1578949583694,scissors,rock,702,204,loss,win,978,371,-1,3,34,66
f83edd0f-9704-4725-840d-b5a9b4f454b3,72,1f59d159-b1ef-4ba1-98cc-8cab0bd7b702,d40a19c9-3c2c-4c64-ad92-a646a285f8f2,1578949585390,paper,paper,647,331,tie,tie,1362,637,0,0,33,69
f83edd0f-9704-4725-840d-b5a9b4f454b3,73,1f59d159-b1ef-4ba1-98cc-8cab0bd7b702,d40a19c9-3c2c-4c64-ad92-a646a285f8f2,1578949587414,rock,scissors,727,931,win,loss,1049,924,3,-1,33,69
f83edd0f-9704-4725-840d-b5a9b4f454b3,74,1f59d159-b1ef-4ba1-98cc-8cab0bd7b702,d40a19c9-3c2c-4c64-ad92-a646a285f8f2,1578949589406,scissors,paper,1552,404,win,loss,1187,956,3,-1,36,68
f83edd0f-9704-4725-840d-b5a9b4f454b3,75,1f59d159-b1ef-4ba1-98cc-8cab0bd7b702,d40a19c9-3c2c-4c64-ad92-a646a285f8f2,1578949592157,rock,scissors,759,411,win,loss,1050,695,3,-1,39,67
f83edd0f-9704-4725-840d-b5a9b4f454b3,76,1f59d159-b1ef-4ba1-98cc-8cab0bd7b702,d40a19c9-3c2c-4c64-ad92-a646a285f8f2,1578949593981,scissors,rock,962,332,loss,win,1176,539,-1,3,42,66
f83edd0f-9704-4725-840d-b5a9b4f454b3,77,1f59d159-b1ef-4ba1-98cc-8cab0bd7b702,d40a19c9-3c2c-4c64-ad92-a646a285f8f2,1578949596133,paper,paper,877,21,tie,tie,1066,614,0,0,41,69
f83edd0f-9704-4725-840d-b5a9b4f454b3,78,1f59d159-b1ef-4ba1-98cc-8cab0bd7b702,d40a19c9-3c2c-4c64-ad92-a646a285f8f2,1578949598093,scissors,paper,714,212,win,loss,1080,1125,3,-1,41,69
f83edd0f-9704-4725-840d-b5a9b4f454b3,79,1f59d159-b1ef-4ba1-98cc-8cab0bd7b702,d40a19c9-3c2c-4c64-ad92-a646a285f8f2,1578949599944,rock,rock,796,801,tie,tie,905,875,0,0,44,68
f83edd0f-9704-4725-840d-b5a9b4f454b3,80,1f59d159-b1ef-4ba1-98cc-8cab0bd7b702,d40a19c9-3c2c-4c64-ad92-a646a285f8f2,1578949601664,scissors,scissors,618,618,tie,tie,858,815,0,0,44,68
f83edd0f-9704-4725-840d-b5a9b4f454b3,81,1f59d159-b1ef-4ba1-98cc-8cab0bd7b702,d40a19c9-3c2c-4c64-ad92-a646a285f8f2,1578949603857,paper,paper,187,304,tie,tie,1174,730,0,0,44,68
f83edd0f-9704-4725-840d-b5a9b4f454b3,82,1f59d159-b1ef-4ba1-98cc-8cab0bd7b702,d40a19c9-3c2c-4c64-ad92-a646a285f8f2,1578949605349,scissors,scissors,1239,722,tie,tie,760,2282,0,0,44,68
f83edd0f-9704-4725-840d-b5a9b4f454b3,83,1f59d159-b1ef-4ba1-98cc-8cab0bd7b702,d40a19c9-3c2c-4c64-ad92-a646a285f8f2,1578949608887,rock,rock,1451,609,tie,tie,1335,515,0,0,44,68
f83edd0f-9704-4725-840d-b5a9b4f454b3,84,1f59d159-b1ef-4ba1-98cc-8cab0bd7b702,d40a19c9-3c2c-4c64-ad92-a646a285f8f2,1578949611693,paper,paper,884,1361,tie,tie,1312,644,0,0,44,68
f83edd0f-9704-4725-840d-b5a9b4f454b3,85,1f59d159-b1ef-4ba1-98cc-8cab0bd7b702,d40a19c9-3c2c-4c64-ad92-a646a285f8f2,1578949614386,scissors,scissors,1928,23,tie,tie,1046,560,0,0,44,68
f83edd0f-9704-4725-840d-b5a9b4f454b3,86,1f59d159-b1ef-4ba1-98cc-8cab0bd7b702,d40a19c9-3c2c-4c64-ad92-a646a285f8f2,1578949617375,paper,rock,1160,360,win,loss,1266,613,3,-1,44,68
f83edd0f-9704-4725-840d-b5a9b4f454b3,87,1f59d159-b1ef-4ba1-98cc-8cab0bd7b702,d40a19c9-3c2c-4c64-ad92-a646a285f8f2,1578949619813,paper,scissors,1001,149,loss,win,856,403,-1,3,47,67
f83edd0f-9704-4725-840d-b5a9b4f454b3,88,1f59d159-b1ef-4ba1-98cc-8cab0bd7b702,d40a19c9-3c2c-4c64-ad92-a646a285f8f2,1578949621687,scissors,paper,564,395,win,loss,1175,670,3,-1,46,70
f83edd0f-9704-4725-840d-b5a9b4f454b3,89,1f59d159-b1ef-4ba1-98cc-8cab0bd7b702,d40a19c9-3c2c-4c64-ad92-a646a285f8f2,1578949623439,rock,scissors,1464,362,win,loss,1113,475,3,-1,49,69
f83edd0f-9704-4725-840d-b5a9b4f454b3,90,1f59d159-b1ef-4ba1-98cc-8cab0bd7b702,d40a19c9-3c2c-4c64-ad92-a646a285f8f2,1578949626033,scissors,rock,850,254,loss,win,1373,387,-1,3,52,68
f83edd0f-9704-4725-840d-b5a9b4f454b3,91,1f59d159-b1ef-4ba1-98cc-8cab0bd7b702,d40a19c9-3c2c-4c64-ad92-a646a285f8f2,1578949628278,paper,scissors,533,116,loss,win,1235,462,-1,3,51,71
f83edd0f-9704-4725-840d-b5a9b4f454b3,92,1f59d159-b1ef-4ba1-98cc-8cab0bd7b702,d40a19c9-3c2c-4c64-ad92-a646a285f8f2,1578949630061,scissors,rock,878,93,loss,win,909,678,-1,3,50,74
f83edd0f-9704-4725-840d-b5a9b4f454b3,93,1f59d159-b1ef-4ba1-98cc-8cab0bd7b702,d40a19c9-3c2c-4c64-ad92-a646a285f8f2,1578949631861,rock,paper,953,717,loss,win,1234,903,-1,3,49,77
f83edd0f-9704-4725-840d-b5a9b4f454b3,94,1f59d159-b1ef-4ba1-98cc-8cab0bd7b702,d40a19c9-3c2c-4c64-ad92-a646a285f8f2,1578949634061,paper,scissors,680,502,loss,win,1266,711,-1,3,48,80
f83edd0f-9704-4725-840d-b5a9b4f454b3,95,1f59d159-b1ef-4ba1-98cc-8cab0bd7b702,d40a19c9-3c2c-4c64-ad92-a646a285f8f2,1578949636021,scissors,rock,999,230,loss,win,1098,535,-1,3,47,83
f83edd0f-9704-4725-840d-b5a9b4f454b3,96,1f59d159-b1ef-4ba1-98cc-8cab0bd7b702,d40a19c9-3c2c-4c64-ad92-a646a285f8f2,1578949638134,scissors,paper,650,197,win,loss,993,693,3,-1,46,86
f83edd0f-9704-4725-840d-b5a9b4f454b3,97,1f59d159-b1ef-4ba1-98cc-8cab0bd7b702,d40a19c9-3c2c-4c64-ad92-a646a285f8f2,1578949639789,rock,rock,1136,309,tie,tie,1030,357,0,0,49,85
f83edd0f-9704-4725-840d-b5a9b4f454b3,98,1f59d159-b1ef-4ba1-98cc-8cab0bd7b702,d40a19c9-3c2c-4c64-ad92-a646a285f8f2,1578949641970,scissors,rock,709,159,loss,win,1130,295,-1,3,49,85
f83edd0f-9704-4725-840d-b5a9b4f454b3,99,1f59d159-b1ef-4ba1-98cc-8cab0bd7b702,d40a19c9-3c2c-4c64-ad92-a646a285f8f2,1578949643822,paper,paper,551,156,tie,tie,1153,958,0,0,48,88
f83edd0f-9704-4725-840d-b5a9b4f454b3,100,1f59d159-b1ef-4ba1-98cc-8cab0bd7b702,d40a19c9-3c2c-4c64-ad92-a646a285f8f2,1578949645541,scissors,paper,679,1501,win,loss,1047,980,3,-1,48,88
f83edd0f-9704-4725-840d-b5a9b4f454b3,101,1f59d159-b1ef-4ba1-98cc-8cab0bd7b702,d40a19c9-3c2c-4c64-ad92-a646a285f8f2,1578949648101,rock,scissors,807,838,win,loss,1031,1123,3,-1,51,87
f83edd0f-9704-4725-840d-b5a9b4f454b3,102,1f59d159-b1ef-4ba1-98cc-8cab0bd7b702,d40a19c9-3c2c-4c64-ad92-a646a285f8f2,1578949650071,scissors,rock,653,1261,loss,win,583,1684,-1,3,54,86
f83edd0f-9704-4725-840d-b5a9b4f454b3,103,1f59d159-b1ef-4ba1-98cc-8cab0bd7b702,d40a19c9-3c2c-4c64-ad92-a646a285f8f2,1578949653023,scissors,paper,756,563,win,loss,844,703,3,-1,53,89
f83edd0f-9704-4725-840d-b5a9b4f454b3,104,1f59d159-b1ef-4ba1-98cc-8cab0bd7b702,d40a19c9-3c2c-4c64-ad92-a646a285f8f2,1578949654637,rock,scissors,1074,693,win,loss,1050,727,3,-1,56,88
f83edd0f-9704-4725-840d-b5a9b4f454b3,105,1f59d159-b1ef-4ba1-98cc-8cab0bd7b702,d40a19c9-3c2c-4c64-ad92-a646a285f8f2,1578949656773,paper,rock,1168,630,win,loss,1130,616,3,-1,59,87
f83edd0f-9704-4725-840d-b5a9b4f454b3,106,1f59d159-b1ef-4ba1-98cc-8cab0bd7b702,d40a19c9-3c2c-4c64-ad92-a646a285f8f2,1578949659085,paper,rock,999,149,win,loss,962,383,3,-1,62,86
f83edd0f-9704-4725-840d-b5a9b4f454b3,107,1f59d159-b1ef-4ba1-98cc-8cab0bd7b702,d40a19c9-3c2c-4c64-ad92-a646a285f8f2,1578949661061,scissors,paper,1279,183,win,loss,1009,1113,3,-1,65,85
f83edd0f-9704-4725-840d-b5a9b4f454b3,108,1f59d159-b1ef-4ba1-98cc-8cab0bd7b702,d40a19c9-3c2c-4c64-ad92-a646a285f8f2,1578949663464,paper,rock,1157,611,win,loss,1043,1265,3,-1,68,84
f83edd0f-9704-4725-840d-b5a9b4f454b3,109,1f59d159-b1ef-4ba1-98cc-8cab0bd7b702,d40a19c9-3c2c-4c64-ad92-a646a285f8f2,1578949665897,scissors,rock,1179,506,loss,win,1050,679,-1,3,71,83
f83edd0f-9704-4725-840d-b5a9b4f454b3,110,1f59d159-b1ef-4ba1-98cc-8cab0bd7b702,d40a19c9-3c2c-4c64-ad92-a646a285f8f2,1578949668141,paper,rock,919,333,win,loss,1012,359,3,-1,70,86
f83edd0f-9704-4725-840d-b5a9b4f454b3,111,1f59d159-b1ef-4ba1-98cc-8cab0bd7b702,d40a19c9-3c2c-4c64-ad92-a646a285f8f2,1578949670085,rock,rock,1128,350,tie,tie,978,376,0,0,73,85
f83edd0f-9704-4725-840d-b5a9b4f454b3,112,1f59d159-b1ef-4ba1-98cc-8cab0bd7b702,d40a19c9-3c2c-4c64-ad92-a646a285f8f2,1578949672201,scissors,paper,1262,186,win,loss,1002,473,3,-1,73,85
f83edd0f-9704-4725-840d-b5a9b4f454b3,113,1f59d159-b1ef-4ba1-98cc-8cab0bd7b702,d40a19c9-3c2c-4c64-ad92-a646a285f8f2,1578949674476,paper,scissors,880,366,loss,win,1196,471,-1,3,76,84
f83edd0f-9704-4725-840d-b5a9b4f454b3,114,1f59d159-b1ef-4ba1-98cc-8cab0bd7b702,d40a19c9-3c2c-4c64-ad92-a646a285f8f2,1578949676565,scissors,paper,1615,94,win,loss,1243,361,3,-1,75,87
f83edd0f-9704-4725-840d-b5a9b4f454b3,115,1f59d159-b1ef-4ba1-98cc-8cab0bd7b702,d40a19c9-3c2c-4c64-ad92-a646a285f8f2,1578949679436,rock,paper,1034,2631,loss,win,871,1364,-1,3,78,86
f83edd0f-9704-4725-840d-b5a9b4f454b3,116,1f59d159-b1ef-4ba1-98cc-8cab0bd7b702,d40a19c9-3c2c-4c64-ad92-a646a285f8f2,1578949683440,paper,scissors,964,571,loss,win,883,672,-1,3,77,89
f83edd0f-9704-4725-840d-b5a9b4f454b3,117,1f59d159-b1ef-4ba1-98cc-8cab0bd7b702,d40a19c9-3c2c-4c64-ad92-a646a285f8f2,1578949685301,scissors,rock,928,574,loss,win,930,495,-1,3,76,92
f83edd0f-9704-4725-840d-b5a9b4f454b3,118,1f59d159-b1ef-4ba1-98cc-8cab0bd7b702,d40a19c9-3c2c-4c64-ad92-a646a285f8f2,1578949687172,rock,paper,801,359,loss,win,937,383,-1,3,75,95
f83edd0f-9704-4725-840d-b5a9b4f454b3,119,1f59d159-b1ef-4ba1-98cc-8cab0bd7b702,d40a19c9-3c2c-4c64-ad92-a646a285f8f2,1578949688924,paper,scissors,920,241,loss,win,1100,385,-1,3,74,98
f83edd0f-9704-4725-840d-b5a9b4f454b3,120,1f59d159-b1ef-4ba1-98cc-8cab0bd7b702,d40a19c9-3c2c-4c64-ad92-a646a285f8f2,1578949690956,paper,paper,782,15,tie,tie,1266,376,0,0,73,101
f83edd0f-9704-4725-840d-b5a9b4f454b3,121,1f59d159-b1ef-4ba1-98cc-8cab0bd7b702,d40a19c9-3c2c-4c64-ad92-a646a285f8f2,1578949693020,paper,scissors,1433,992,loss,win,1138,736,-1,3,73,101
f83edd0f-9704-4725-840d-b5a9b4f454b3,122,1f59d159-b1ef-4ba1-98cc-8cab0bd7b702,d40a19c9-3c2c-4c64-ad92-a646a285f8f2,1578949695604,scissors,paper,1024,224,win,loss,1565,466,3,-1,72,104
f83edd0f-9704-4725-840d-b5a9b4f454b3,123,1f59d159-b1ef-4ba1-98cc-8cab0bd7b702,d40a19c9-3c2c-4c64-ad92-a646a285f8f2,1578949698204,scissors,paper,2378,855,win,loss,1067,416,3,-1,75,103
f83edd0f-9704-4725-840d-b5a9b4f454b3,124,1f59d159-b1ef-4ba1-98cc-8cab0bd7b702,d40a19c9-3c2c-4c64-ad92-a646a285f8f2,1578949701660,rock,paper,1321,192,loss,win,1130,416,-1,3,78,102
f83edd0f-9704-4725-840d-b5a9b4f454b3,125,1f59d159-b1ef-4ba1-98cc-8cab0bd7b702,d40a19c9-3c2c-4c64-ad92-a646a285f8f2,1578949704124,rock,rock,2431,432,tie,tie,915,1065,0,0,77,105
f83edd0f-9704-4725-840d-b5a9b4f454b3,126,1f59d159-b1ef-4ba1-98cc-8cab0bd7b702,d40a19c9-3c2c-4c64-ad92-a646a285f8f2,1578949707666,scissors,scissors,987,634,tie,tie,987,705,0,0,77,105
f83edd0f-9704-4725-840d-b5a9b4f454b3,127,1f59d159-b1ef-4ba1-98cc-8cab0bd7b702,d40a19c9-3c2c-4c64-ad92-a646a285f8f2,1578949709661,paper,scissors,1150,381,loss,win,1023,379,-1,3,77,105
f83edd0f-9704-4725-840d-b5a9b4f454b3,128,1f59d159-b1ef-4ba1-98cc-8cab0bd7b702,d40a19c9-3c2c-4c64-ad92-a646a285f8f2,1578949711852,paper,paper,752,288,tie,tie,977,621,0,0,76,108
f83edd0f-9704-4725-840d-b5a9b4f454b3,129,1f59d159-b1ef-4ba1-98cc-8cab0bd7b702,d40a19c9-3c2c-4c64-ad92-a646a285f8f2,1578949713598,scissors,scissors,2493,452,tie,tie,849,1176,0,0,76,108
f83edd0f-9704-4725-840d-b5a9b4f454b3,130,1f59d159-b1ef-4ba1-98cc-8cab0bd7b702,d40a19c9-3c2c-4c64-ad92-a646a285f8f2,1578949717281,scissors,paper,2146,1243,win,loss,856,630,3,-1,76,108
f83edd0f-9704-4725-840d-b5a9b4f454b3,131,1f59d159-b1ef-4ba1-98cc-8cab0bd7b702,d40a19c9-3c2c-4c64-ad92-a646a285f8f2,1578949720358,rock,scissors,989,477,win,loss,1371,408,3,-1,79,107
f83edd0f-9704-4725-840d-b5a9b4f454b3,132,1f59d159-b1ef-4ba1-98cc-8cab0bd7b702,d40a19c9-3c2c-4c64-ad92-a646a285f8f2,1578949722735,paper,rock,1115,147,win,loss,1044,450,3,-1,82,106
f83edd0f-9704-4725-840d-b5a9b4f454b3,133,1f59d159-b1ef-4ba1-98cc-8cab0bd7b702,d40a19c9-3c2c-4c64-ad92-a646a285f8f2,1578949724908,rock,paper,1101,216,loss,win,983,2726,-1,3,85,105
f83edd0f-9704-4725-840d-b5a9b4f454b3,134,1f59d159-b1ef-4ba1-98cc-8cab0bd7b702,d40a19c9-3c2c-4c64-ad92-a646a285f8f2,1578949728753,rock,scissors,442,444,win,loss,895,1064,3,-1,84,108
f83edd0f-9704-4725-840d-b5a9b4f454b3,135,1f59d159-b1ef-4ba1-98cc-8cab0bd7b702,d40a19c9-3c2c-4c64-ad92-a646a285f8f2,1578949730273,paper,paper,2165,658,tie,tie,1037,793,0,0,87,107
f83edd0f-9704-4725-840d-b5a9b4f454b3,136,1f59d159-b1ef-4ba1-98cc-8cab0bd7b702,d40a19c9-3c2c-4c64-ad92-a646a285f8f2,1578949733484,scissors,scissors,1663,343,tie,tie,1026,785,0,0,87,107
f83edd0f-9704-4725-840d-b5a9b4f454b3,137,1f59d159-b1ef-4ba1-98cc-8cab0bd7b702,d40a19c9-3c2c-4c64-ad92-a646a285f8f2,1578949736190,rock,paper,1509,471,loss,win,1141,1601,-1,3,87,107
f83edd0f-9704-4725-840d-b5a9b4f454b3,138,1f59d159-b1ef-4ba1-98cc-8cab0bd7b702,d40a19c9-3c2c-4c64-ad92-a646a285f8f2,1578949739313,rock,scissors,628,571,win,loss,1003,1009,3,-1,86,110
f83edd0f-9704-4725-840d-b5a9b4f454b3,139,1f59d159-b1ef-4ba1-98cc-8cab0bd7b702,d40a19c9-3c2c-4c64-ad92-a646a285f8f2,1578949740962,scissors,paper,1164,961,win,loss,1088,769,3,-1,89,109
f83edd0f-9704-4725-840d-b5a9b4f454b3,140,1f59d159-b1ef-4ba1-98cc-8cab0bd7b702,d40a19c9-3c2c-4c64-ad92-a646a285f8f2,1578949743228,paper,scissors,1577,624,loss,win,1018,337,-1,3,92,108
f83edd0f-9704-4725-840d-b5a9b4f454b3,141,1f59d159-b1ef-4ba1-98cc-8cab0bd7b702,d40a19c9-3c2c-4c64-ad92-a646a285f8f2,1578949745835,rock,paper,953,297,loss,win,1218,337,-1,3,91,111
f83edd0f-9704-4725-840d-b5a9b4f454b3,142,1f59d159-b1ef-4ba1-98cc-8cab0bd7b702,d40a19c9-3c2c-4c64-ad92-a646a285f8f2,1578949748019,rock,rock,2007,1274,tie,tie,1118,509,0,0,90,114
f83edd0f-9704-4725-840d-b5a9b4f454b3,143,1f59d159-b1ef-4ba1-98cc-8cab0bd7b702,d40a19c9-3c2c-4c64-ad92-a646a285f8f2,1578949751155,scissors,paper,1142,177,win,loss,1321,648,3,-1,90,114
f83edd0f-9704-4725-840d-b5a9b4f454b3,144,1f59d159-b1ef-4ba1-98cc-8cab0bd7b702,d40a19c9-3c2c-4c64-ad92-a646a285f8f2,1578949753635,paper,paper,1257,705,tie,tie,945,323,0,0,93,113
f83edd0f-9704-4725-840d-b5a9b4f454b3,145,1f59d159-b1ef-4ba1-98cc-8cab0bd7b702,d40a19c9-3c2c-4c64-ad92-a646a285f8f2,1578949755851,rock,scissors,1313,530,win,loss,1059,466,3,-1,93,113
f83edd0f-9704-4725-840d-b5a9b4f454b3,146,1f59d159-b1ef-4ba1-98cc-8cab0bd7b702,d40a19c9-3c2c-4c64-ad92-a646a285f8f2,1578949758235,scissors,rock,1321,458,loss,win,1043,355,-1,3,96,112
f83edd0f-9704-4725-840d-b5a9b4f454b3,147,1f59d159-b1ef-4ba1-98cc-8cab0bd7b702,d40a19c9-3c2c-4c64-ad92-a646a285f8f2,1578949760611,rock,paper,1019,496,loss,win,939,371,-1,3,95,115
f83edd0f-9704-4725-840d-b5a9b4f454b3,148,1f59d159-b1ef-4ba1-98cc-8cab0bd7b702,d40a19c9-3c2c-4c64-ad92-a646a285f8f2,1578949762579,rock,paper,1067,392,loss,win,1089,354,-1,3,94,118
f83edd0f-9704-4725-840d-b5a9b4f454b3,149,1f59d159-b1ef-4ba1-98cc-8cab0bd7b702,d40a19c9-3c2c-4c64-ad92-a646a285f8f2,1578949764754,rock,scissors,1018,395,win,loss,1145,387,3,-1,93,121
f83edd0f-9704-4725-840d-b5a9b4f454b3,150,1f59d159-b1ef-4ba1-98cc-8cab0bd7b702,d40a19c9-3c2c-4c64-ad92-a646a285f8f2,1578949766931,scissors,paper,1440,193,win,loss,994,1155,3,-1,96,120
f83edd0f-9704-4725-840d-b5a9b4f454b3,151,1f59d159-b1ef-4ba1-98cc-8cab0bd7b702,d40a19c9-3c2c-4c64-ad92-a646a285f8f2,1578949769538,paper,paper,960,690,tie,tie,939,771,0,0,99,119
f83edd0f-9704-4725-840d-b5a9b4f454b3,152,1f59d159-b1ef-4ba1-98cc-8cab0bd7b702,d40a19c9-3c2c-4c64-ad92-a646a285f8f2,1578949771452,scissors,paper,1185,1216,win,loss,1116,741,3,-1,99,119
f83edd0f-9704-4725-840d-b5a9b4f454b3,153,1f59d159-b1ef-4ba1-98cc-8cab0bd7b702,d40a19c9-3c2c-4c64-ad92-a646a285f8f2,1578949773795,paper,scissors,2369,347,loss,win,1071,935,-1,3,102,118
f83edd0f-9704-4725-840d-b5a9b4f454b3,154,1f59d159-b1ef-4ba1-98cc-8cab0bd7b702,d40a19c9-3c2c-4c64-ad92-a646a285f8f2,1578949777251,scissors,rock,1031,633,loss,win,1081,715,-1,3,101,121
f83edd0f-9704-4725-840d-b5a9b4f454b3,155,1f59d159-b1ef-4ba1-98cc-8cab0bd7b702,d40a19c9-3c2c-4c64-ad92-a646a285f8f2,1578949779380,scissors,paper,1841,305,win,loss,1085,622,3,-1,100,124
f83edd0f-9704-4725-840d-b5a9b4f454b3,156,1f59d159-b1ef-4ba1-98cc-8cab0bd7b702,d40a19c9-3c2c-4c64-ad92-a646a285f8f2,1578949782340,rock,scissors,967,281,win,loss,1017,371,3,-1,103,123
f83edd0f-9704-4725-840d-b5a9b4f454b3,157,1f59d159-b1ef-4ba1-98cc-8cab0bd7b702,d40a19c9-3c2c-4c64-ad92-a646a285f8f2,1578949784339,paper,paper,848,170,tie,tie,859,387,0,0,106,122
f83edd0f-9704-4725-840d-b5a9b4f454b3,158,1f59d159-b1ef-4ba1-98cc-8cab0bd7b702,d40a19c9-3c2c-4c64-ad92-a646a285f8f2,1578949786059,scissors,scissors,734,329,tie,tie,1066,411,0,0,106,122
f83edd0f-9704-4725-840d-b5a9b4f454b3,159,1f59d159-b1ef-4ba1-98cc-8cab0bd7b702,d40a19c9-3c2c-4c64-ad92-a646a285f8f2,1578949787875,rock,paper,1568,314,loss,win,993,506,-1,3,106,122
f83edd0f-9704-4725-840d-b5a9b4f454b3,160,1f59d159-b1ef-4ba1-98cc-8cab0bd7b702,d40a19c9-3c2c-4c64-ad92-a646a285f8f2,1578949790452,rock,rock,1265,561,tie,tie,923,803,0,0,105,125
f83edd0f-9704-4725-840d-b5a9b4f454b3,161,1f59d159-b1ef-4ba1-98cc-8cab0bd7b702,d40a19c9-3c2c-4c64-ad92-a646a285f8f2,1578949792652,scissors,rock,904,746,loss,win,915,1099,-1,3,105,125
f83edd0f-9704-4725-840d-b5a9b4f454b3,162,1f59d159-b1ef-4ba1-98cc-8cab0bd7b702,d40a19c9-3c2c-4c64-ad92-a646a285f8f2,1578949794667,scissors,scissors,816,538,tie,tie,1034,668,0,0,104,128
f83edd0f-9704-4725-840d-b5a9b4f454b3,163,1f59d159-b1ef-4ba1-98cc-8cab0bd7b702,d40a19c9-3c2c-4c64-ad92-a646a285f8f2,1578949796531,rock,scissors,1256,554,win,loss,946,427,3,-1,104,128
f83edd0f-9704-4725-840d-b5a9b4f454b3,164,1f59d159-b1ef-4ba1-98cc-8cab0bd7b702,d40a19c9-3c2c-4c64-ad92-a646a285f8f2,1578949798746,paper,paper,905,330,tie,tie,898,450,0,0,107,127
f83edd0f-9704-4725-840d-b5a9b4f454b3,165,1f59d159-b1ef-4ba1-98cc-8cab0bd7b702,d40a19c9-3c2c-4c64-ad92-a646a285f8f2,1578949800563,scissors,rock,641,548,loss,win,873,866,-1,3,107,127
f83edd0f-9704-4725-840d-b5a9b4f454b3,166,1f59d159-b1ef-4ba1-98cc-8cab0bd7b702,d40a19c9-3c2c-4c64-ad92-a646a285f8f2,1578949802091,paper,scissors,871,602,loss,win,947,835,-1,3,106,130
f83edd0f-9704-4725-840d-b5a9b4f454b3,167,1f59d159-b1ef-4ba1-98cc-8cab0bd7b702,d40a19c9-3c2c-4c64-ad92-a646a285f8f2,1578949803923,scissors,paper,505,595,win,loss,985,773,3,-1,105,133
f83edd0f-9704-4725-840d-b5a9b4f454b3,168,1f59d159-b1ef-4ba1-98cc-8cab0bd7b702,d40a19c9-3c2c-4c64-ad92-a646a285f8f2,1578949805518,scissors,scissors,576,415,tie,tie,1081,812,0,0,108,132
f83edd0f-9704-4725-840d-b5a9b4f454b3,169,1f59d159-b1ef-4ba1-98cc-8cab0bd7b702,d40a19c9-3c2c-4c64-ad92-a646a285f8f2,1578949807187,rock,rock,671,331,tie,tie,1049,708,0,0,108,132
f83edd0f-9704-4725-840d-b5a9b4f454b3,170,1f59d159-b1ef-4ba1-98cc-8cab0bd7b702,d40a19c9-3c2c-4c64-ad92-a646a285f8f2,1578949808922,scissors,paper,496,283,win,loss,972,613,3,-1,108,132
f83edd0f-9704-4725-840d-b5a9b4f454b3,171,1f59d159-b1ef-4ba1-98cc-8cab0bd7b702,d40a19c9-3c2c-4c64-ad92-a646a285f8f2,1578949810407,paper,scissors,867,269,loss,win,987,411,-1,3,111,131
f83edd0f-9704-4725-840d-b5a9b4f454b3,172,1f59d159-b1ef-4ba1-98cc-8cab0bd7b702,d40a19c9-3c2c-4c64-ad92-a646a285f8f2,1578949812275,scissors,rock,499,211,loss,win,994,780,-1,3,110,134
f83edd0f-9704-4725-840d-b5a9b4f454b3,173,1f59d159-b1ef-4ba1-98cc-8cab0bd7b702,d40a19c9-3c2c-4c64-ad92-a646a285f8f2,1578949813779,rock,paper,624,395,loss,win,1253,647,-1,3,109,137
f83edd0f-9704-4725-840d-b5a9b4f454b3,174,1f59d159-b1ef-4ba1-98cc-8cab0bd7b702,d40a19c9-3c2c-4c64-ad92-a646a285f8f2,1578949815675,paper,scissors,662,162,loss,win,1555,452,-1,3,108,140
f83edd0f-9704-4725-840d-b5a9b4f454b3,175,1f59d159-b1ef-4ba1-98cc-8cab0bd7b702,d40a19c9-3c2c-4c64-ad92-a646a285f8f2,1578949817907,scissors,rock,832,884,loss,win,937,853,-1,3,107,143
f83edd0f-9704-4725-840d-b5a9b4f454b3,176,1f59d159-b1ef-4ba1-98cc-8cab0bd7b702,d40a19c9-3c2c-4c64-ad92-a646a285f8f2,1578949819738,rock,scissors,1097,603,win,loss,994,741,3,-1,106,146
f83edd0f-9704-4725-840d-b5a9b4f454b3,177,1f59d159-b1ef-4ba1-98cc-8cab0bd7b702,d40a19c9-3c2c-4c64-ad92-a646a285f8f2,1578949821843,rock,scissors,1053,363,win,loss,1146,348,3,-1,109,145
f83edd0f-9704-4725-840d-b5a9b4f454b3,178,1f59d159-b1ef-4ba1-98cc-8cab0bd7b702,d40a19c9-3c2c-4c64-ad92-a646a285f8f2,1578949824059,paper,scissors,1559,307,loss,win,938,420,-1,3,112,144
f83edd0f-9704-4725-840d-b5a9b4f454b3,179,1f59d159-b1ef-4ba1-98cc-8cab0bd7b702,d40a19c9-3c2c-4c64-ad92-a646a285f8f2,1578949826571,rock,paper,568,563,loss,win,890,1173,-1,3,111,147
f83edd0f-9704-4725-840d-b5a9b4f454b3,180,1f59d159-b1ef-4ba1-98cc-8cab0bd7b702,d40a19c9-3c2c-4c64-ad92-a646a285f8f2,1578949828323,rock,rock,464,691,tie,tie,2529,949,0,0,110,150
f83edd0f-9704-4725-840d-b5a9b4f454b3,181,1f59d159-b1ef-4ba1-98cc-8cab0bd7b702,d40a19c9-3c2c-4c64-ad92-a646a285f8f2,1578949831555,rock,paper,655,747,loss,win,874,797,-1,3,110,150
f83edd0f-9704-4725-840d-b5a9b4f454b3,182,1f59d159-b1ef-4ba1-98cc-8cab0bd7b702,d40a19c9-3c2c-4c64-ad92-a646a285f8f2,1578949833187,scissors,scissors,591,652,tie,tie,859,956,0,0,109,153
f83edd0f-9704-4725-840d-b5a9b4f454b3,183,1f59d159-b1ef-4ba1-98cc-8cab0bd7b702,d40a19c9-3c2c-4c64-ad92-a646a285f8f2,1578949834803,rock,paper,789,636,loss,win,883,717,-1,3,109,153
f83edd0f-9704-4725-840d-b5a9b4f454b3,184,1f59d159-b1ef-4ba1-98cc-8cab0bd7b702,d40a19c9-3c2c-4c64-ad92-a646a285f8f2,1578949836490,paper,scissors,737,429,loss,win,787,692,-1,3,108,156
f83edd0f-9704-4725-840d-b5a9b4f454b3,185,1f59d159-b1ef-4ba1-98cc-8cab0bd7b702,d40a19c9-3c2c-4c64-ad92-a646a285f8f2,1578949838027,paper,rock,552,578,win,loss,867,1213,3,-1,107,159
f83edd0f-9704-4725-840d-b5a9b4f454b3,186,1f59d159-b1ef-4ba1-98cc-8cab0bd7b702,d40a19c9-3c2c-4c64-ad92-a646a285f8f2,1578949839827,scissors,rock,1327,523,loss,win,793,467,-1,3,110,158
f83edd0f-9704-4725-840d-b5a9b4f454b3,187,1f59d159-b1ef-4ba1-98cc-8cab0bd7b702,d40a19c9-3c2c-4c64-ad92-a646a285f8f2,1578949841964,paper,paper,710,611,tie,tie,1146,692,0,0,109,161
f83edd0f-9704-4725-840d-b5a9b4f454b3,188,1f59d159-b1ef-4ba1-98cc-8cab0bd7b702,d40a19c9-3c2c-4c64-ad92-a646a285f8f2,1578949843834,paper,scissors,713,388,loss,win,1139,396,-1,3,109,161
f83edd0f-9704-4725-840d-b5a9b4f454b3,189,1f59d159-b1ef-4ba1-98cc-8cab0bd7b702,d40a19c9-3c2c-4c64-ad92-a646a285f8f2,1578949845698,paper,paper,832,1340,tie,tie,1393,804,0,0,108,164
f83edd0f-9704-4725-840d-b5a9b4f454b3,190,1f59d159-b1ef-4ba1-98cc-8cab0bd7b702,d40a19c9-3c2c-4c64-ad92-a646a285f8f2,1578949848442,paper,rock,1768,211,win,loss,1002,652,3,-1,108,164
f83edd0f-9704-4725-840d-b5a9b4f454b3,191,1f59d159-b1ef-4ba1-98cc-8cab0bd7b702,d40a19c9-3c2c-4c64-ad92-a646a285f8f2,1578949851226,scissors,paper,1242,493,win,loss,1050,333,3,-1,111,163
f83edd0f-9704-4725-840d-b5a9b4f454b3,192,1f59d159-b1ef-4ba1-98cc-8cab0bd7b702,d40a19c9-3c2c-4c64-ad92-a646a285f8f2,1578949853531,rock,paper,1360,347,loss,win,1122,461,-1,3,114,162
f83edd0f-9704-4725-840d-b5a9b4f454b3,193,1f59d159-b1ef-4ba1-98cc-8cab0bd7b702,d40a19c9-3c2c-4c64-ad92-a646a285f8f2,1578949856027,scissors,rock,800,324,loss,win,1034,445,-1,3,113,165
f83edd0f-9704-4725-840d-b5a9b4f454b3,194,1f59d159-b1ef-4ba1-98cc-8cab0bd7b702,d40a19c9-3c2c-4c64-ad92-a646a285f8f2,1578949857874,paper,scissors,744,356,loss,win,1139,524,-1,3,112,168
f83edd0f-9704-4725-840d-b5a9b4f454b3,195,1f59d159-b1ef-4ba1-98cc-8cab0bd7b702,d40a19c9-3c2c-4c64-ad92-a646a285f8f2,1578949859771,rock,paper,816,410,loss,win,1150,557,-1,3,111,171
f83edd0f-9704-4725-840d-b5a9b4f454b3,196,1f59d159-b1ef-4ba1-98cc-8cab0bd7b702,d40a19c9-3c2c-4c64-ad92-a646a285f8f2,1578949861754,paper,rock,703,356,win,loss,1172,726,3,-1,110,174
f83edd0f-9704-4725-840d-b5a9b4f454b3,197,1f59d159-b1ef-4ba1-98cc-8cab0bd7b702,d40a19c9-3c2c-4c64-ad92-a646a285f8f2,1578949863642,paper,scissors,1296,354,loss,win,1236,383,-1,3,113,173
f83edd0f-9704-4725-840d-b5a9b4f454b3,198,1f59d159-b1ef-4ba1-98cc-8cab0bd7b702,d40a19c9-3c2c-4c64-ad92-a646a285f8f2,1578949866186,paper,paper,537,181,tie,tie,922,1054,0,0,112,176
f83edd0f-9704-4725-840d-b5a9b4f454b3,199,1f59d159-b1ef-4ba1-98cc-8cab0bd7b702,d40a19c9-3c2c-4c64-ad92-a646a285f8f2,1578949867787,rock,paper,532,892,loss,win,1016,1044,-1,3,112,176
f83edd0f-9704-4725-840d-b5a9b4f454b3,200,1f59d159-b1ef-4ba1-98cc-8cab0bd7b702,d40a19c9-3c2c-4c64-ad92-a646a285f8f2,1578949869731,paper,scissors,578,1163,loss,win,1032,796,-1,3,111,179
f83edd0f-9704-4725-840d-b5a9b4f454b3,201,1f59d159-b1ef-4ba1-98cc-8cab0bd7b702,d40a19c9-3c2c-4c64-ad92-a646a285f8f2,1578949871939,paper,rock,616,660,win,loss,897,725,3,-1,110,182
f83edd0f-9704-4725-840d-b5a9b4f454b3,202,1f59d159-b1ef-4ba1-98cc-8cab0bd7b702,d40a19c9-3c2c-4c64-ad92-a646a285f8f2,1578949873506,paper,scissors,640,740,loss,win,975,821,-1,3,113,181
f83edd0f-9704-4725-840d-b5a9b4f454b3,203,1f59d159-b1ef-4ba1-98cc-8cab0bd7b702,d40a19c9-3c2c-4c64-ad92-a646a285f8f2,1578949875234,rock,paper,636,477,loss,win,810,750,-1,3,112,184
f83edd0f-9704-4725-840d-b5a9b4f454b3,204,1f59d159-b1ef-4ba1-98cc-8cab0bd7b702,d40a19c9-3c2c-4c64-ad92-a646a285f8f2,1578949876698,paper,scissors,552,621,loss,win,720,780,-1,3,111,187
f83edd0f-9704-4725-840d-b5a9b4f454b3,205,1f59d159-b1ef-4ba1-98cc-8cab0bd7b702,d40a19c9-3c2c-4c64-ad92-a646a285f8f2,1578949878108,scissors,paper,453,554,win,loss,918,1084,3,-1,110,190
f83edd0f-9704-4725-840d-b5a9b4f454b3,206,1f59d159-b1ef-4ba1-98cc-8cab0bd7b702,d40a19c9-3c2c-4c64-ad92-a646a285f8f2,1578949879756,scissors,scissors,461,538,tie,tie,1036,821,0,0,113,189
f83edd0f-9704-4725-840d-b5a9b4f454b3,207,1f59d159-b1ef-4ba1-98cc-8cab0bd7b702,d40a19c9-3c2c-4c64-ad92-a646a285f8f2,1578949881342,scissors,rock,715,545,loss,win,974,679,-1,3,113,189
f83edd0f-9704-4725-840d-b5a9b4f454b3,208,1f59d159-b1ef-4ba1-98cc-8cab0bd7b702,d40a19c9-3c2c-4c64-ad92-a646a285f8f2,1578949883046,scissors,paper,1419,273,win,loss,1008,654,3,-1,112,192
f83edd0f-9704-4725-840d-b5a9b4f454b3,209,1f59d159-b1ef-4ba1-98cc-8cab0bd7b702,d40a19c9-3c2c-4c64-ad92-a646a285f8f2,1578949885746,rock,paper,727,179,loss,win,1013,327,-1,3,115,191
f83edd0f-9704-4725-840d-b5a9b4f454b3,210,1f59d159-b1ef-4ba1-98cc-8cab0bd7b702,d40a19c9-3c2c-4c64-ad92-a646a285f8f2,1578949887506,paper,scissors,688,78,loss,win,1219,677,-1,3,114,194
f83edd0f-9704-4725-840d-b5a9b4f454b3,211,1f59d159-b1ef-4ba1-98cc-8cab0bd7b702,d40a19c9-3c2c-4c64-ad92-a646a285f8f2,1578949889426,scissors,rock,480,420,loss,win,834,925,-1,3,113,197
f83edd0f-9704-4725-840d-b5a9b4f454b3,212,1f59d159-b1ef-4ba1-98cc-8cab0bd7b702,d40a19c9-3c2c-4c64-ad92-a646a285f8f2,1578949890876,paper,paper,721,608,tie,tie,942,772,0,0,112,200
f83edd0f-9704-4725-840d-b5a9b4f454b3,213,1f59d159-b1ef-4ba1-98cc-8cab0bd7b702,d40a19c9-3c2c-4c64-ad92-a646a285f8f2,1578949892564,rock,scissors,895,545,win,loss,1370,831,3,-1,112,200
f83edd0f-9704-4725-840d-b5a9b4f454b3,214,1f59d159-b1ef-4ba1-98cc-8cab0bd7b702,d40a19c9-3c2c-4c64-ad92-a646a285f8f2,1578949894842,paper,paper,1522,148,tie,tie,1151,803,0,0,115,199
f83edd0f-9704-4725-840d-b5a9b4f454b3,215,1f59d159-b1ef-4ba1-98cc-8cab0bd7b702,d40a19c9-3c2c-4c64-ad92-a646a285f8f2,1578949897530,scissors,paper,668,264,win,loss,1050,325,3,-1,115,199
f83edd0f-9704-4725-840d-b5a9b4f454b3,216,1f59d159-b1ef-4ba1-98cc-8cab0bd7b702,d40a19c9-3c2c-4c64-ad92-a646a285f8f2,1578949899265,rock,paper,1070,491,loss,win,1288,323,-1,3,118,198
f83edd0f-9704-4725-840d-b5a9b4f454b3,217,1f59d159-b1ef-4ba1-98cc-8cab0bd7b702,d40a19c9-3c2c-4c64-ad92-a646a285f8f2,1578949901642,paper,scissors,742,645,loss,win,1058,759,-1,3,117,201
f83edd0f-9704-4725-840d-b5a9b4f454b3,218,1f59d159-b1ef-4ba1-98cc-8cab0bd7b702,d40a19c9-3c2c-4c64-ad92-a646a285f8f2,1578949903457,scissors,rock,785,687,loss,win,1007,888,-1,3,116,204
f83edd0f-9704-4725-840d-b5a9b4f454b3,219,1f59d159-b1ef-4ba1-98cc-8cab0bd7b702,d40a19c9-3c2c-4c64-ad92-a646a285f8f2,1578949905268,scissors,paper,475,654,win,loss,865,980,3,-1,115,207
f83edd0f-9704-4725-840d-b5a9b4f454b3,220,1f59d159-b1ef-4ba1-98cc-8cab0bd7b702,d40a19c9-3c2c-4c64-ad92-a646a285f8f2,1578949906931,paper,scissors,535,698,loss,win,828,888,-1,3,118,206
f83edd0f-9704-4725-840d-b5a9b4f454b3,221,1f59d159-b1ef-4ba1-98cc-8cab0bd7b702,d40a19c9-3c2c-4c64-ad92-a646a285f8f2,1578949908534,rock,paper,569,573,loss,win,1503,836,-1,3,117,209
f83edd0f-9704-4725-840d-b5a9b4f454b3,222,1f59d159-b1ef-4ba1-98cc-8cab0bd7b702,d40a19c9-3c2c-4c64-ad92-a646a285f8f2,1578949910627,scissors,scissors,561,412,tie,tie,979,599,0,0,116,212
f83edd0f-9704-4725-840d-b5a9b4f454b3,223,1f59d159-b1ef-4ba1-98cc-8cab0bd7b702,d40a19c9-3c2c-4c64-ad92-a646a285f8f2,1578949912177,scissors,paper,632,247,win,loss,994,902,3,-1,116,212
f83edd0f-9704-4725-840d-b5a9b4f454b3,224,1f59d159-b1ef-4ba1-98cc-8cab0bd7b702,d40a19c9-3c2c-4c64-ad92-a646a285f8f2,1578949913817,rock,paper,1030,469,loss,win,1084,319,-1,3,119,211
f83edd0f-9704-4725-840d-b5a9b4f454b3,225,1f59d159-b1ef-4ba1-98cc-8cab0bd7b702,d40a19c9-3c2c-4c64-ad92-a646a285f8f2,1578949915945,scissors,scissors,665,253,tie,tie,1009,534,0,0,118,214
f83edd0f-9704-4725-840d-b5a9b4f454b3,226,1f59d159-b1ef-4ba1-98cc-8cab0bd7b702,d40a19c9-3c2c-4c64-ad92-a646a285f8f2,1578949917634,paper,rock,738,262,win,loss,1027,382,3,-1,118,214
f83edd0f-9704-4725-840d-b5a9b4f454b3,227,1f59d159-b1ef-4ba1-98cc-8cab0bd7b702,d40a19c9-3c2c-4c64-ad92-a646a285f8f2,1578949919409,paper,paper,856,30,tie,tie,1154,304,0,0,121,213
f83edd0f-9704-4725-840d-b5a9b4f454b3,228,1f59d159-b1ef-4ba1-98cc-8cab0bd7b702,d40a19c9-3c2c-4c64-ad92-a646a285f8f2,1578949921434,rock,rock,894,1453,tie,tie,816,757,0,0,121,213
f83edd0f-9704-4725-840d-b5a9b4f454b3,229,1f59d159-b1ef-4ba1-98cc-8cab0bd7b702,d40a19c9-3c2c-4c64-ad92-a646a285f8f2,1578949923713,paper,scissors,665,543,loss,win,940,695,-1,3,121,213
f83edd0f-9704-4725-840d-b5a9b4f454b3,230,1f59d159-b1ef-4ba1-98cc-8cab0bd7b702,d40a19c9-3c2c-4c64-ad92-a646a285f8f2,1578949925330,paper,rock,601,325,win,loss,1066,710,3,-1,120,216
f83edd0f-9704-4725-840d-b5a9b4f454b3,231,1f59d159-b1ef-4ba1-98cc-8cab0bd7b702,d40a19c9-3c2c-4c64-ad92-a646a285f8f2,1578949927009,paper,paper,623,238,tie,tie,1121,366,0,0,123,215
f83edd0f-9704-4725-840d-b5a9b4f454b3,232,1f59d159-b1ef-4ba1-98cc-8cab0bd7b702,d40a19c9-3c2c-4c64-ad92-a646a285f8f2,1578949928769,scissors,rock,542,150,loss,win,1003,1216,-1,3,123,215
f83edd0f-9704-4725-840d-b5a9b4f454b3,233,1f59d159-b1ef-4ba1-98cc-8cab0bd7b702,d40a19c9-3c2c-4c64-ad92-a646a285f8f2,1578949930541,paper,rock,388,436,win,loss,1352,1078,3,-1,122,218
f83edd0f-9704-4725-840d-b5a9b4f454b3,234,1f59d159-b1ef-4ba1-98cc-8cab0bd7b702,d40a19c9-3c2c-4c64-ad92-a646a285f8f2,1578949932337,paper,paper,641,318,tie,tie,1098,520,0,0,125,217
f83edd0f-9704-4725-840d-b5a9b4f454b3,235,1f59d159-b1ef-4ba1-98cc-8cab0bd7b702,d40a19c9-3c2c-4c64-ad92-a646a285f8f2,1578949934089,rock,rock,706,509,tie,tie,923,752,0,0,125,217
f83edd0f-9704-4725-840d-b5a9b4f454b3,236,1f59d159-b1ef-4ba1-98cc-8cab0bd7b702,d40a19c9-3c2c-4c64-ad92-a646a285f8f2,1578949935728,paper,paper,561,431,tie,tie,1353,1111,0,0,125,217
f83edd0f-9704-4725-840d-b5a9b4f454b3,237,1f59d159-b1ef-4ba1-98cc-8cab0bd7b702,d40a19c9-3c2c-4c64-ad92-a646a285f8f2,1578949937657,paper,paper,656,494,tie,tie,939,678,0,0,125,217
f83edd0f-9704-4725-840d-b5a9b4f454b3,238,1f59d159-b1ef-4ba1-98cc-8cab0bd7b702,d40a19c9-3c2c-4c64-ad92-a646a285f8f2,1578949939265,rock,paper,1446,318,loss,win,936,832,-1,3,125,217
f83edd0f-9704-4725-840d-b5a9b4f454b3,239,1f59d159-b1ef-4ba1-98cc-8cab0bd7b702,d40a19c9-3c2c-4c64-ad92-a646a285f8f2,1578949941663,paper,scissors,581,729,loss,win,919,803,-1,3,124,220
f83edd0f-9704-4725-840d-b5a9b4f454b3,240,1f59d159-b1ef-4ba1-98cc-8cab0bd7b702,d40a19c9-3c2c-4c64-ad92-a646a285f8f2,1578949943322,paper,paper,583,519,tie,tie,1226,944,0,0,123,223
f83edd0f-9704-4725-840d-b5a9b4f454b3,241,1f59d159-b1ef-4ba1-98cc-8cab0bd7b702,d40a19c9-3c2c-4c64-ad92-a646a285f8f2,1578949945145,paper,scissors,648,318,loss,win,1018,744,-1,3,123,223
f83edd0f-9704-4725-840d-b5a9b4f454b3,242,1f59d159-b1ef-4ba1-98cc-8cab0bd7b702,d40a19c9-3c2c-4c64-ad92-a646a285f8f2,1578949946825,scissors,rock,608,391,loss,win,948,658,-1,3,122,226
f83edd0f-9704-4725-840d-b5a9b4f454b3,243,1f59d159-b1ef-4ba1-98cc-8cab0bd7b702,d40a19c9-3c2c-4c64-ad92-a646a285f8f2,1578949948393,paper,scissors,608,486,loss,win,1059,928,-1,3,121,229
f83edd0f-9704-4725-840d-b5a9b4f454b3,244,1f59d159-b1ef-4ba1-98cc-8cab0bd7b702,d40a19c9-3c2c-4c64-ad92-a646a285f8f2,1578949950073,rock,paper,528,365,loss,win,827,720,-1,3,120,232
f83edd0f-9704-4725-840d-b5a9b4f454b3,245,1f59d159-b1ef-4ba1-98cc-8cab0bd7b702,d40a19c9-3c2c-4c64-ad92-a646a285f8f2,1578949951440,paper,scissors,463,712,loss,win,927,821,-1,3,119,235
f83edd0f-9704-4725-840d-b5a9b4f454b3,246,1f59d159-b1ef-4ba1-98cc-8cab0bd7b702,d40a19c9-3c2c-4c64-ad92-a646a285f8f2,1578949953089,scissors,paper,424,440,win,loss,941,901,3,-1,118,238
f83edd0f-9704-4725-840d-b5a9b4f454b3,247,1f59d159-b1ef-4ba1-98cc-8cab0bd7b702,d40a19c9-3c2c-4c64-ad92-a646a285f8f2,1578949954480,scissors,scissors,538,480,tie,tie,1098,2632,0,0,121,237
f83edd0f-9704-4725-840d-b5a9b4f454b3,248,1f59d159-b1ef-4ba1-98cc-8cab0bd7b702,d40a19c9-3c2c-4c64-ad92-a646a285f8f2,1578949957661,scissors,scissors,690,666,tie,tie,860,929,0,0,121,237
f83edd0f-9704-4725-840d-b5a9b4f454b3,249,1f59d159-b1ef-4ba1-98cc-8cab0bd7b702,d40a19c9-3c2c-4c64-ad92-a646a285f8f2,1578949959293,scissors,paper,824,1050,win,loss,1133,772,3,-1,121,237
f83edd0f-9704-4725-840d-b5a9b4f454b3,250,1f59d159-b1ef-4ba1-98cc-8cab0bd7b702,d40a19c9-3c2c-4c64-ad92-a646a285f8f2,1578949961489,rock,paper,1266,191,loss,win,1113,871,-1,3,124,236
f83edd0f-9704-4725-840d-b5a9b4f454b3,251,1f59d159-b1ef-4ba1-98cc-8cab0bd7b702,d40a19c9-3c2c-4c64-ad92-a646a285f8f2,1578949963881,paper,rock,1413,343,win,loss,1074,658,3,-1,123,239
f83edd0f-9704-4725-840d-b5a9b4f454b3,252,1f59d159-b1ef-4ba1-98cc-8cab0bd7b702,d40a19c9-3c2c-4c64-ad92-a646a285f8f2,1578949966385,paper,rock,625,511,win,loss,1156,553,3,-1,126,238
f83edd0f-9704-4725-840d-b5a9b4f454b3,253,1f59d159-b1ef-4ba1-98cc-8cab0bd7b702,d40a19c9-3c2c-4c64-ad92-a646a285f8f2,1578949968177,scissors,rock,869,303,loss,win,1220,840,-1,3,129,237
f83edd0f-9704-4725-840d-b5a9b4f454b3,254,1f59d159-b1ef-4ba1-98cc-8cab0bd7b702,d40a19c9-3c2c-4c64-ad92-a646a285f8f2,1578949970281,paper,paper,514,231,tie,tie,1185,672,0,0,128,240
f83edd0f-9704-4725-840d-b5a9b4f454b3,255,1f59d159-b1ef-4ba1-98cc-8cab0bd7b702,d40a19c9-3c2c-4c64-ad92-a646a285f8f2,1578949971993,scissors,paper,1006,96,win,loss,1004,418,3,-1,128,240
f83edd0f-9704-4725-840d-b5a9b4f454b3,256,1f59d159-b1ef-4ba1-98cc-8cab0bd7b702,d40a19c9-3c2c-4c64-ad92-a646a285f8f2,1578949974017,scissors,paper,598,312,win,loss,1083,480,3,-1,131,239
f83edd0f-9704-4725-840d-b5a9b4f454b3,257,1f59d159-b1ef-4ba1-98cc-8cab0bd7b702,d40a19c9-3c2c-4c64-ad92-a646a285f8f2,1578949975713,scissors,scissors,1000,136,tie,tie,1042,625,0,0,134,238
f83edd0f-9704-4725-840d-b5a9b4f454b3,258,1f59d159-b1ef-4ba1-98cc-8cab0bd7b702,d40a19c9-3c2c-4c64-ad92-a646a285f8f2,1578949977769,rock,paper,702,463,loss,win,1083,722,-1,3,134,238
f83edd0f-9704-4725-840d-b5a9b4f454b3,259,1f59d159-b1ef-4ba1-98cc-8cab0bd7b702,d40a19c9-3c2c-4c64-ad92-a646a285f8f2,1578949979569,rock,rock,605,358,tie,tie,971,705,0,0,133,241
f83edd0f-9704-4725-840d-b5a9b4f454b3,260,1f59d159-b1ef-4ba1-98cc-8cab0bd7b702,d40a19c9-3c2c-4c64-ad92-a646a285f8f2,1578949981164,paper,scissors,622,356,loss,win,955,1392,-1,3,133,241
f83edd0f-9704-4725-840d-b5a9b4f454b3,261,1f59d159-b1ef-4ba1-98cc-8cab0bd7b702,d40a19c9-3c2c-4c64-ad92-a646a285f8f2,1578949983190,paper,paper,129,571,tie,tie,1125,989,0,0,132,244
f83edd0f-9704-4725-840d-b5a9b4f454b3,262,1f59d159-b1ef-4ba1-98cc-8cab0bd7b702,d40a19c9-3c2c-4c64-ad92-a646a285f8f2,1578949984897,scissors,scissors,469,816,tie,tie,997,756,0,0,132,244
f83edd0f-9704-4725-840d-b5a9b4f454b3,263,1f59d159-b1ef-4ba1-98cc-8cab0bd7b702,d40a19c9-3c2c-4c64-ad92-a646a285f8f2,1578949986721,scissors,paper,932,495,win,loss,1132,691,3,-1,132,244
f83edd0f-9704-4725-840d-b5a9b4f454b3,264,1f59d159-b1ef-4ba1-98cc-8cab0bd7b702,d40a19c9-3c2c-4c64-ad92-a646a285f8f2,1578949988800,rock,scissors,626,175,win,loss,1371,497,3,-1,135,243
f83edd0f-9704-4725-840d-b5a9b4f454b3,265,1f59d159-b1ef-4ba1-98cc-8cab0bd7b702,d40a19c9-3c2c-4c64-ad92-a646a285f8f2,1578949990809,scissors,rock,690,161,loss,win,1035,833,-1,3,138,242
f83edd0f-9704-4725-840d-b5a9b4f454b3,266,1f59d159-b1ef-4ba1-98cc-8cab0bd7b702,d40a19c9-3c2c-4c64-ad92-a646a285f8f2,1578949992545,paper,paper,727,440,tie,tie,1291,969,0,0,137,245
f83edd0f-9704-4725-840d-b5a9b4f454b3,267,1f59d159-b1ef-4ba1-98cc-8cab0bd7b702,d40a19c9-3c2c-4c64-ad92-a646a285f8f2,1578949994576,scissors,rock,457,401,loss,win,810,730,-1,3,137,245
f83edd0f-9704-4725-840d-b5a9b4f454b3,268,1f59d159-b1ef-4ba1-98cc-8cab0bd7b702,d40a19c9-3c2c-4c64-ad92-a646a285f8f2,1578949995857,scissors,scissors,506,562,tie,tie,956,749,0,0,136,248
f83edd0f-9704-4725-840d-b5a9b4f454b3,269,1f59d159-b1ef-4ba1-98cc-8cab0bd7b702,d40a19c9-3c2c-4c64-ad92-a646a285f8f2,1578949997384,scissors,rock,585,447,loss,win,891,1082,-1,3,136,248
f83edd0f-9704-4725-840d-b5a9b4f454b3,270,1f59d159-b1ef-4ba1-98cc-8cab0bd7b702,d40a19c9-3c2c-4c64-ad92-a646a285f8f2,1578949999062,scissors,paper,475,635,win,loss,1262,836,3,-1,135,251
f83edd0f-9704-4725-840d-b5a9b4f454b3,271,1f59d159-b1ef-4ba1-98cc-8cab0bd7b702,d40a19c9-3c2c-4c64-ad92-a646a285f8f2,1578950000969,scissors,scissors,617,1614,tie,tie,694,876,0,0,138,250
f83edd0f-9704-4725-840d-b5a9b4f454b3,272,1f59d159-b1ef-4ba1-98cc-8cab0bd7b702,d40a19c9-3c2c-4c64-ad92-a646a285f8f2,1578950003470,paper,paper,859,555,tie,tie,1047,850,0,0,138,250
f83edd0f-9704-4725-840d-b5a9b4f454b3,273,1f59d159-b1ef-4ba1-98cc-8cab0bd7b702,d40a19c9-3c2c-4c64-ad92-a646a285f8f2,1578950005395,scissors,scissors,598,351,tie,tie,970,681,0,0,138,250
f83edd0f-9704-4725-840d-b5a9b4f454b3,274,1f59d159-b1ef-4ba1-98cc-8cab0bd7b702,d40a19c9-3c2c-4c64-ad92-a646a285f8f2,1578950006976,scissors,rock,1071,929,loss,win,931,714,-1,3,138,250
f83edd0f-9704-4725-840d-b5a9b4f454b3,275,1f59d159-b1ef-4ba1-98cc-8cab0bd7b702,d40a19c9-3c2c-4c64-ad92-a646a285f8f2,1578950008992,scissors,paper,600,345,win,loss,1035,626,3,-1,137,253
f83edd0f-9704-4725-840d-b5a9b4f454b3,276,1f59d159-b1ef-4ba1-98cc-8cab0bd7b702,d40a19c9-3c2c-4c64-ad92-a646a285f8f2,1578950010640,rock,scissors,900,256,win,loss,1376,908,3,-1,140,252
f83edd0f-9704-4725-840d-b5a9b4f454b3,277,1f59d159-b1ef-4ba1-98cc-8cab0bd7b702,d40a19c9-3c2c-4c64-ad92-a646a285f8f2,1578950012933,scissors,paper,2037,317,win,loss,1244,898,3,-1,143,251
f83edd0f-9704-4725-840d-b5a9b4f454b3,278,1f59d159-b1ef-4ba1-98cc-8cab0bd7b702,d40a19c9-3c2c-4c64-ad92-a646a285f8f2,1578950016224,rock,scissors,949,193,win,loss,1227,730,3,-1,146,250
f83edd0f-9704-4725-840d-b5a9b4f454b3,279,1f59d159-b1ef-4ba1-98cc-8cab0bd7b702,d40a19c9-3c2c-4c64-ad92-a646a285f8f2,1578950018416,paper,paper,1796,89,tie,tie,1071,695,0,0,149,249
f83edd0f-9704-4725-840d-b5a9b4f454b3,280,1f59d159-b1ef-4ba1-98cc-8cab0bd7b702,d40a19c9-3c2c-4c64-ad92-a646a285f8f2,1578950021297,paper,paper,646,329,tie,tie,1166,914,0,0,149,249
f83edd0f-9704-4725-840d-b5a9b4f454b3,281,1f59d159-b1ef-4ba1-98cc-8cab0bd7b702,d40a19c9-3c2c-4c64-ad92-a646a285f8f2,1578950023123,scissors,scissors,508,326,tie,tie,1043,714,0,0,149,249
f83edd0f-9704-4725-840d-b5a9b4f454b3,282,1f59d159-b1ef-4ba1-98cc-8cab0bd7b702,d40a19c9-3c2c-4c64-ad92-a646a285f8f2,1578950024688,paper,rock,642,362,win,loss,1180,673,3,-1,149,249
f83edd0f-9704-4725-840d-b5a9b4f454b3,283,1f59d159-b1ef-4ba1-98cc-8cab0bd7b702,d40a19c9-3c2c-4c64-ad92-a646a285f8f2,1578950026520,paper,rock,1040,705,win,loss,1123,778,3,-1,152,248
f83edd0f-9704-4725-840d-b5a9b4f454b3,284,1f59d159-b1ef-4ba1-98cc-8cab0bd7b702,d40a19c9-3c2c-4c64-ad92-a646a285f8f2,1578950028696,scissors,paper,512,459,win,loss,1130,1450,3,-1,155,247
f83edd0f-9704-4725-840d-b5a9b4f454b3,285,1f59d159-b1ef-4ba1-98cc-8cab0bd7b702,d40a19c9-3c2c-4c64-ad92-a646a285f8f2,1578950030670,scissors,rock,513,524,loss,win,757,1444,-1,3,158,246
f83edd0f-9704-4725-840d-b5a9b4f454b3,286,1f59d159-b1ef-4ba1-98cc-8cab0bd7b702,d40a19c9-3c2c-4c64-ad92-a646a285f8f2,1578950032646,scissors,rock,521,674,loss,win,931,844,-1,3,157,249
f83edd0f-9704-4725-840d-b5a9b4f454b3,287,1f59d159-b1ef-4ba1-98cc-8cab0bd7b702,d40a19c9-3c2c-4c64-ad92-a646a285f8f2,1578950034264,scissors,paper,649,369,win,loss,955,674,3,-1,156,252
f83edd0f-9704-4725-840d-b5a9b4f454b3,288,1f59d159-b1ef-4ba1-98cc-8cab0bd7b702,d40a19c9-3c2c-4c64-ad92-a646a285f8f2,1578950035880,paper,rock,736,321,win,loss,2008,1323,3,-1,159,251
f83edd0f-9704-4725-840d-b5a9b4f454b3,289,1f59d159-b1ef-4ba1-98cc-8cab0bd7b702,d40a19c9-3c2c-4c64-ad92-a646a285f8f2,1578950038640,paper,scissors,672,657,loss,win,1052,651,-1,3,162,250
f83edd0f-9704-4725-840d-b5a9b4f454b3,290,1f59d159-b1ef-4ba1-98cc-8cab0bd7b702,d40a19c9-3c2c-4c64-ad92-a646a285f8f2,1578950040376,paper,rock,466,298,win,loss,1051,715,3,-1,161,253
f83edd0f-9704-4725-840d-b5a9b4f454b3,291,1f59d159-b1ef-4ba1-98cc-8cab0bd7b702,d40a19c9-3c2c-4c64-ad92-a646a285f8f2,1578950041904,scissors,paper,464,307,win,loss,1084,898,3,-1,164,252
f83edd0f-9704-4725-840d-b5a9b4f454b3,292,1f59d159-b1ef-4ba1-98cc-8cab0bd7b702,d40a19c9-3c2c-4c64-ad92-a646a285f8f2,1578950043471,paper,rock,564,571,win,loss,1070,1005,3,-1,167,251
f83edd0f-9704-4725-840d-b5a9b4f454b3,293,1f59d159-b1ef-4ba1-98cc-8cab0bd7b702,d40a19c9-3c2c-4c64-ad92-a646a285f8f2,1578950045120,paper,scissors,623,489,loss,win,995,1332,-1,3,170,250
f83edd0f-9704-4725-840d-b5a9b4f454b3,294,1f59d159-b1ef-4ba1-98cc-8cab0bd7b702,d40a19c9-3c2c-4c64-ad92-a646a285f8f2,1578950047087,scissors,paper,384,692,win,loss,1004,948,3,-1,169,253
f83edd0f-9704-4725-840d-b5a9b4f454b3,295,1f59d159-b1ef-4ba1-98cc-8cab0bd7b702,d40a19c9-3c2c-4c64-ad92-a646a285f8f2,1578950048791,scissors,rock,592,667,loss,win,867,901,-1,3,172,252
f83edd0f-9704-4725-840d-b5a9b4f454b3,296,1f59d159-b1ef-4ba1-98cc-8cab0bd7b702,d40a19c9-3c2c-4c64-ad92-a646a285f8f2,1578950050366,rock,scissors,592,541,win,loss,1019,852,3,-1,171,255
f83edd0f-9704-4725-840d-b5a9b4f454b3,297,1f59d159-b1ef-4ba1-98cc-8cab0bd7b702,d40a19c9-3c2c-4c64-ad92-a646a285f8f2,1578950051992,paper,paper,551,521,tie,tie,1123,747,0,0,174,254
f83edd0f-9704-4725-840d-b5a9b4f454b3,298,1f59d159-b1ef-4ba1-98cc-8cab0bd7b702,d40a19c9-3c2c-4c64-ad92-a646a285f8f2,1578950053680,scissors,rock,521,145,loss,win,1059,763,-1,3,174,254
f83edd0f-9704-4725-840d-b5a9b4f454b3,299,1f59d159-b1ef-4ba1-98cc-8cab0bd7b702,d40a19c9-3c2c-4c64-ad92-a646a285f8f2,1578950055272,scissors,paper,503,330,win,loss,1067,731,3,-1,173,257
f83edd0f-9704-4725-840d-b5a9b4f454b3,300,1f59d159-b1ef-4ba1-98cc-8cab0bd7b702,d40a19c9-3c2c-4c64-ad92-a646a285f8f2,1578950056856,rock,rock,544,435,tie,tie,994,1874,0,0,176,256
