game_id,version,round_index,player1_id,player2_id,round_begin_ts,player1_move,player2_move,player1_rt,player2_rt,player1_outcome,player2_outcome,player1_outcome_viewtime,player2_outcome_viewtime,player1_points,player2_points,player1_total,player2_total
436421a4-b6e8-4713-85fb-76fbfa2f529e,2,1,e72d9316-8af7-47cb-b90c-ed1f4f18fc8a,bot,1583472563943,rock,scissors,2132,0,win,loss,4138,0,3,-1,0,0
436421a4-b6e8-4713-85fb-76fbfa2f529e,2,2,e72d9316-8af7-47cb-b90c-ed1f4f18fc8a,bot,1583472570294,scissors,rock,1192,0,loss,win,2441,0,-1,3,3,-1
436421a4-b6e8-4713-85fb-76fbfa2f529e,2,3,e72d9316-8af7-47cb-b90c-ed1f4f18fc8a,bot,1583472573972,scissors,scissors,2499,0,tie,tie,1936,0,0,0,2,2
436421a4-b6e8-4713-85fb-76fbfa2f529e,2,4,e72d9316-8af7-47cb-b90c-ed1f4f18fc8a,bot,1583472578471,paper,rock,1720,0,win,loss,4147,0,3,-1,2,2
436421a4-b6e8-4713-85fb-76fbfa2f529e,2,5,e72d9316-8af7-47cb-b90c-ed1f4f18fc8a,bot,1583472584383,scissors,paper,1331,0,win,loss,2002,0,3,-1,5,1
436421a4-b6e8-4713-85fb-76fbfa2f529e,2,6,e72d9316-8af7-47cb-b90c-ed1f4f18fc8a,bot,1583472587760,rock,scissors,1880,0,win,loss,2189,0,3,-1,8,0
436421a4-b6e8-4713-85fb-76fbfa2f529e,2,7,e72d9316-8af7-47cb-b90c-ed1f4f18fc8a,bot,1583472591882,rock,rock,1959,0,tie,tie,1919,0,0,0,11,-1
436421a4-b6e8-4713-85fb-76fbfa2f529e,2,8,e72d9316-8af7-47cb-b90c-ed1f4f18fc8a,bot,1583472595806,rock,rock,2521,0,tie,tie,1434,0,0,0,11,-1
436421a4-b6e8-4713-85fb-76fbfa2f529e,2,9,e72d9316-8af7-47cb-b90c-ed1f4f18fc8a,bot,1583472599806,scissors,rock,923,0,loss,win,2326,0,-1,3,11,-1
436421a4-b6e8-4713-85fb-76fbfa2f529e,2,10,e72d9316-8af7-47cb-b90c-ed1f4f18fc8a,bot,1583472603099,paper,scissors,1600,0,loss,win,1641,0,-1,3,10,2
436421a4-b6e8-4713-85fb-76fbfa2f529e,2,11,e72d9316-8af7-47cb-b90c-ed1f4f18fc8a,bot,1583472606385,paper,paper,2080,0,tie,tie,1381,0,0,0,9,5
436421a4-b6e8-4713-85fb-76fbfa2f529e,2,12,e72d9316-8af7-47cb-b90c-ed1f4f18fc8a,bot,1583472610147,rock,paper,988,0,loss,win,1652,0,-1,3,9,5
436421a4-b6e8-4713-85fb-76fbfa2f529e,2,13,e72d9316-8af7-47cb-b90c-ed1f4f18fc8a,bot,1583472612853,scissors,rock,1000,0,loss,win,2251,0,-1,3,8,8
436421a4-b6e8-4713-85fb-76fbfa2f529e,2,14,e72d9316-8af7-47cb-b90c-ed1f4f18fc8a,bot,1583472616421,paper,scissors,3537,0,loss,win,1968,0,-1,3,7,11
436421a4-b6e8-4713-85fb-76fbfa2f529e,2,15,e72d9316-8af7-47cb-b90c-ed1f4f18fc8a,bot,1583472621969,rock,paper,2417,0,loss,win,1846,0,-1,3,6,14
436421a4-b6e8-4713-85fb-76fbfa2f529e,2,16,e72d9316-8af7-47cb-b90c-ed1f4f18fc8a,bot,1583472626278,rock,rock,1398,0,tie,tie,1910,0,0,0,5,17
436421a4-b6e8-4713-85fb-76fbfa2f529e,2,17,e72d9316-8af7-47cb-b90c-ed1f4f18fc8a,bot,1583472629630,rock,rock,2190,0,tie,tie,2198,0,0,0,5,17
436421a4-b6e8-4713-85fb-76fbfa2f529e,2,18,e72d9316-8af7-47cb-b90c-ed1f4f18fc8a,bot,1583472634065,rock,rock,1261,0,tie,tie,1922,0,0,0,5,17
436421a4-b6e8-4713-85fb-76fbfa2f529e,2,19,e72d9316-8af7-47cb-b90c-ed1f4f18fc8a,bot,1583472637294,rock,paper,1231,0,loss,win,2035,0,-1,3,5,17
436421a4-b6e8-4713-85fb-76fbfa2f529e,2,20,e72d9316-8af7-47cb-b90c-ed1f4f18fc8a,bot,1583472640604,rock,rock,1363,0,tie,tie,1542,0,0,0,4,20
436421a4-b6e8-4713-85fb-76fbfa2f529e,2,21,e72d9316-8af7-47cb-b90c-ed1f4f18fc8a,bot,1583472643582,paper,rock,1370,0,win,loss,1778,0,3,-1,4,20
436421a4-b6e8-4713-85fb-76fbfa2f529e,2,22,e72d9316-8af7-47cb-b90c-ed1f4f18fc8a,bot,1583472646779,scissors,paper,1378,0,win,loss,1939,0,3,-1,7,19
436421a4-b6e8-4713-85fb-76fbfa2f529e,2,23,e72d9316-8af7-47cb-b90c-ed1f4f18fc8a,bot,1583472650167,scissors,scissors,1922,0,tie,tie,1469,0,0,0,10,18
436421a4-b6e8-4713-85fb-76fbfa2f529e,2,24,e72d9316-8af7-47cb-b90c-ed1f4f18fc8a,bot,1583472653850,paper,scissors,1121,0,loss,win,1456,0,-1,3,10,18
436421a4-b6e8-4713-85fb-76fbfa2f529e,2,25,e72d9316-8af7-47cb-b90c-ed1f4f18fc8a,bot,1583472656486,rock,paper,2295,0,loss,win,1524,0,-1,3,9,21
436421a4-b6e8-4713-85fb-76fbfa2f529e,2,26,e72d9316-8af7-47cb-b90c-ed1f4f18fc8a,bot,1583472660354,scissors,rock,1099,0,loss,win,2000,0,-1,3,8,24
436421a4-b6e8-4713-85fb-76fbfa2f529e,2,27,e72d9316-8af7-47cb-b90c-ed1f4f18fc8a,bot,1583472663681,scissors,scissors,1118,0,tie,tie,1439,0,0,0,7,27
436421a4-b6e8-4713-85fb-76fbfa2f529e,2,28,e72d9316-8af7-47cb-b90c-ed1f4f18fc8a,bot,1583472666307,paper,scissors,1213,0,loss,win,2585,0,-1,3,7,27
436421a4-b6e8-4713-85fb-76fbfa2f529e,2,29,e72d9316-8af7-47cb-b90c-ed1f4f18fc8a,bot,1583472670150,rock,paper,1638,0,loss,win,2059,0,-1,3,6,30
436421a4-b6e8-4713-85fb-76fbfa2f529e,2,30,e72d9316-8af7-47cb-b90c-ed1f4f18fc8a,bot,1583472674633,paper,rock,1373,0,win,loss,1922,0,3,-1,5,33
436421a4-b6e8-4713-85fb-76fbfa2f529e,2,31,e72d9316-8af7-47cb-b90c-ed1f4f18fc8a,bot,1583472677975,scissors,paper,2769,0,win,loss,1890,0,3,-1,8,32
436421a4-b6e8-4713-85fb-76fbfa2f529e,2,32,e72d9316-8af7-47cb-b90c-ed1f4f18fc8a,bot,1583472682690,rock,scissors,1264,0,win,loss,1574,0,3,-1,11,31
436421a4-b6e8-4713-85fb-76fbfa2f529e,2,33,e72d9316-8af7-47cb-b90c-ed1f4f18fc8a,bot,1583472685573,paper,rock,1148,0,win,loss,1530,0,3,-1,14,30
436421a4-b6e8-4713-85fb-76fbfa2f529e,2,34,e72d9316-8af7-47cb-b90c-ed1f4f18fc8a,bot,1583472688295,scissors,paper,1128,0,win,loss,1651,0,3,-1,17,29
436421a4-b6e8-4713-85fb-76fbfa2f529e,2,35,e72d9316-8af7-47cb-b90c-ed1f4f18fc8a,bot,1583472691118,rock,scissors,1196,0,win,loss,1267,0,3,-1,20,28
436421a4-b6e8-4713-85fb-76fbfa2f529e,2,36,e72d9316-8af7-47cb-b90c-ed1f4f18fc8a,bot,1583472693627,paper,rock,1140,0,win,loss,1655,0,3,-1,23,27
436421a4-b6e8-4713-85fb-76fbfa2f529e,2,37,e72d9316-8af7-47cb-b90c-ed1f4f18fc8a,bot,1583472696741,scissors,paper,912,0,win,loss,1540,0,3,-1,26,26
436421a4-b6e8-4713-85fb-76fbfa2f529e,2,38,e72d9316-8af7-47cb-b90c-ed1f4f18fc8a,bot,1583472699241,rock,scissors,1496,0,win,loss,1725,0,3,-1,29,25
436421a4-b6e8-4713-85fb-76fbfa2f529e,2,39,e72d9316-8af7-47cb-b90c-ed1f4f18fc8a,bot,1583472702505,paper,rock,734,0,win,loss,1922,0,3,-1,32,24
436421a4-b6e8-4713-85fb-76fbfa2f529e,2,40,e72d9316-8af7-47cb-b90c-ed1f4f18fc8a,bot,1583472705204,scissors,paper,922,0,win,loss,2131,0,3,-1,35,23
436421a4-b6e8-4713-85fb-76fbfa2f529e,2,41,e72d9316-8af7-47cb-b90c-ed1f4f18fc8a,bot,1583472708299,rock,scissors,1022,0,win,loss,1486,0,3,-1,38,22
436421a4-b6e8-4713-85fb-76fbfa2f529e,2,42,e72d9316-8af7-47cb-b90c-ed1f4f18fc8a,bot,1583472710850,paper,rock,1020,0,win,loss,1650,0,3,-1,41,21
436421a4-b6e8-4713-85fb-76fbfa2f529e,2,43,e72d9316-8af7-47cb-b90c-ed1f4f18fc8a,bot,1583472713564,scissors,paper,1032,0,win,loss,1402,0,3,-1,44,20
436421a4-b6e8-4713-85fb-76fbfa2f529e,2,44,e72d9316-8af7-47cb-b90c-ed1f4f18fc8a,bot,1583472716044,rock,scissors,833,0,win,loss,1235,0,3,-1,47,19
436421a4-b6e8-4713-85fb-76fbfa2f529e,2,45,e72d9316-8af7-47cb-b90c-ed1f4f18fc8a,bot,1583472718159,paper,rock,858,0,win,loss,1206,0,3,-1,50,18
436421a4-b6e8-4713-85fb-76fbfa2f529e,2,46,e72d9316-8af7-47cb-b90c-ed1f4f18fc8a,bot,1583472720270,scissors,paper,1132,0,win,loss,1275,0,3,-1,53,17
436421a4-b6e8-4713-85fb-76fbfa2f529e,2,47,e72d9316-8af7-47cb-b90c-ed1f4f18fc8a,bot,1583472722723,rock,scissors,907,0,win,loss,1368,0,3,-1,56,16
436421a4-b6e8-4713-85fb-76fbfa2f529e,2,48,e72d9316-8af7-47cb-b90c-ed1f4f18fc8a,bot,1583472725103,paper,rock,681,0,win,loss,1283,0,3,-1,59,15
436421a4-b6e8-4713-85fb-76fbfa2f529e,2,49,e72d9316-8af7-47cb-b90c-ed1f4f18fc8a,bot,1583472727109,scissors,paper,1005,0,win,loss,2247,0,3,-1,62,14
436421a4-b6e8-4713-85fb-76fbfa2f529e,2,50,e72d9316-8af7-47cb-b90c-ed1f4f18fc8a,bot,1583472730402,rock,scissors,1339,0,win,loss,1383,0,3,-1,65,13
436421a4-b6e8-4713-85fb-76fbfa2f529e,2,51,e72d9316-8af7-47cb-b90c-ed1f4f18fc8a,bot,1583472733172,paper,rock,1122,0,win,loss,2142,0,3,-1,68,12
436421a4-b6e8-4713-85fb-76fbfa2f529e,2,52,e72d9316-8af7-47cb-b90c-ed1f4f18fc8a,bot,1583472736481,scissors,scissors,998,0,tie,tie,2732,0,0,0,71,11
436421a4-b6e8-4713-85fb-76fbfa2f529e,2,53,e72d9316-8af7-47cb-b90c-ed1f4f18fc8a,bot,1583472740252,rock,scissors,2234,0,win,loss,1719,0,3,-1,71,11
436421a4-b6e8-4713-85fb-76fbfa2f529e,2,54,e72d9316-8af7-47cb-b90c-ed1f4f18fc8a,bot,1583472744245,paper,rock,1119,0,win,loss,1610,0,3,-1,74,10
436421a4-b6e8-4713-85fb-76fbfa2f529e,2,55,e72d9316-8af7-47cb-b90c-ed1f4f18fc8a,bot,1583472747018,scissors,paper,921,0,win,loss,1527,0,3,-1,77,9
436421a4-b6e8-4713-85fb-76fbfa2f529e,2,56,e72d9316-8af7-47cb-b90c-ed1f4f18fc8a,bot,1583472749510,rock,scissors,965,0,win,loss,1144,0,3,-1,80,8
436421a4-b6e8-4713-85fb-76fbfa2f529e,2,57,e72d9316-8af7-47cb-b90c-ed1f4f18fc8a,bot,1583472751668,paper,rock,931,0,win,loss,1440,0,3,-1,83,7
436421a4-b6e8-4713-85fb-76fbfa2f529e,2,58,e72d9316-8af7-47cb-b90c-ed1f4f18fc8a,bot,1583472754083,scissors,paper,844,0,win,loss,1530,0,3,-1,86,6
436421a4-b6e8-4713-85fb-76fbfa2f529e,2,59,e72d9316-8af7-47cb-b90c-ed1f4f18fc8a,bot,1583472756504,rock,scissors,1391,0,win,loss,1932,0,3,-1,89,5
436421a4-b6e8-4713-85fb-76fbfa2f529e,2,60,e72d9316-8af7-47cb-b90c-ed1f4f18fc8a,bot,1583472759870,paper,rock,857,0,win,loss,1472,0,3,-1,92,4
436421a4-b6e8-4713-85fb-76fbfa2f529e,2,61,e72d9316-8af7-47cb-b90c-ed1f4f18fc8a,bot,1583472762243,scissors,paper,1045,0,win,loss,1469,0,3,-1,95,3
436421a4-b6e8-4713-85fb-76fbfa2f529e,2,62,e72d9316-8af7-47cb-b90c-ed1f4f18fc8a,bot,1583472764799,rock,scissors,933,0,win,loss,1561,0,3,-1,98,2
436421a4-b6e8-4713-85fb-76fbfa2f529e,2,63,e72d9316-8af7-47cb-b90c-ed1f4f18fc8a,bot,1583472767338,paper,rock,617,0,win,loss,1251,0,3,-1,101,1
436421a4-b6e8-4713-85fb-76fbfa2f529e,2,64,e72d9316-8af7-47cb-b90c-ed1f4f18fc8a,bot,1583472769260,scissors,paper,708,0,win,loss,1458,0,3,-1,104,0
436421a4-b6e8-4713-85fb-76fbfa2f529e,2,65,e72d9316-8af7-47cb-b90c-ed1f4f18fc8a,bot,1583472771469,rock,scissors,1060,0,win,loss,1647,0,3,-1,107,-1
436421a4-b6e8-4713-85fb-76fbfa2f529e,2,66,e72d9316-8af7-47cb-b90c-ed1f4f18fc8a,bot,1583472774475,paper,rock,724,0,win,loss,1797,0,3,-1,110,-2
436421a4-b6e8-4713-85fb-76fbfa2f529e,2,67,e72d9316-8af7-47cb-b90c-ed1f4f18fc8a,bot,1583472777059,scissors,paper,876,0,win,loss,1210,0,3,-1,113,-3
436421a4-b6e8-4713-85fb-76fbfa2f529e,2,68,e72d9316-8af7-47cb-b90c-ed1f4f18fc8a,bot,1583472779195,rock,scissors,1060,0,win,loss,1470,0,3,-1,116,-4
436421a4-b6e8-4713-85fb-76fbfa2f529e,2,69,e72d9316-8af7-47cb-b90c-ed1f4f18fc8a,bot,1583472781770,paper,rock,858,0,win,loss,1341,0,3,-1,119,-5
436421a4-b6e8-4713-85fb-76fbfa2f529e,2,70,e72d9316-8af7-47cb-b90c-ed1f4f18fc8a,bot,1583472784226,scissors,paper,522,0,win,loss,1509,0,3,-1,122,-6
436421a4-b6e8-4713-85fb-76fbfa2f529e,2,71,e72d9316-8af7-47cb-b90c-ed1f4f18fc8a,bot,1583472786301,rock,scissors,909,0,win,loss,1286,0,3,-1,125,-7
436421a4-b6e8-4713-85fb-76fbfa2f529e,2,72,e72d9316-8af7-47cb-b90c-ed1f4f18fc8a,bot,1583472788615,paper,rock,873,0,win,loss,1228,0,3,-1,128,-8
436421a4-b6e8-4713-85fb-76fbfa2f529e,2,73,e72d9316-8af7-47cb-b90c-ed1f4f18fc8a,bot,1583472790975,scissors,paper,632,0,win,loss,1800,0,3,-1,131,-9
436421a4-b6e8-4713-85fb-76fbfa2f529e,2,74,e72d9316-8af7-47cb-b90c-ed1f4f18fc8a,bot,1583472793475,rock,scissors,1099,0,win,loss,1425,0,3,-1,134,-10
436421a4-b6e8-4713-85fb-76fbfa2f529e,2,75,e72d9316-8af7-47cb-b90c-ed1f4f18fc8a,bot,1583472796221,paper,rock,506,0,win,loss,1423,0,3,-1,137,-11
436421a4-b6e8-4713-85fb-76fbfa2f529e,2,76,e72d9316-8af7-47cb-b90c-ed1f4f18fc8a,bot,1583472798347,scissors,paper,566,0,win,loss,1146,0,3,-1,140,-12
436421a4-b6e8-4713-85fb-76fbfa2f529e,2,77,e72d9316-8af7-47cb-b90c-ed1f4f18fc8a,bot,1583472800105,rock,scissors,1444,0,win,loss,1396,0,3,-1,143,-13
436421a4-b6e8-4713-85fb-76fbfa2f529e,2,78,e72d9316-8af7-47cb-b90c-ed1f4f18fc8a,bot,1583472802996,paper,rock,765,0,win,loss,1990,0,3,-1,146,-14
436421a4-b6e8-4713-85fb-76fbfa2f529e,2,79,e72d9316-8af7-47cb-b90c-ed1f4f18fc8a,bot,1583472805839,scissors,paper,908,0,win,loss,1247,0,3,-1,149,-15
436421a4-b6e8-4713-85fb-76fbfa2f529e,2,80,e72d9316-8af7-47cb-b90c-ed1f4f18fc8a,bot,1583472808044,rock,scissors,709,0,win,loss,1027,0,3,-1,152,-16
436421a4-b6e8-4713-85fb-76fbfa2f529e,2,81,e72d9316-8af7-47cb-b90c-ed1f4f18fc8a,bot,1583472809929,paper,paper,632,0,tie,tie,9327,0,0,0,155,-17
436421a4-b6e8-4713-85fb-76fbfa2f529e,2,82,e72d9316-8af7-47cb-b90c-ed1f4f18fc8a,bot,1583472819937,rock,paper,808,0,loss,win,2206,0,-1,3,155,-17
436421a4-b6e8-4713-85fb-76fbfa2f529e,2,83,e72d9316-8af7-47cb-b90c-ed1f4f18fc8a,bot,1583472822998,scissors,rock,1979,0,loss,win,3027,0,-1,3,154,-14
436421a4-b6e8-4713-85fb-76fbfa2f529e,2,84,e72d9316-8af7-47cb-b90c-ed1f4f18fc8a,bot,1583472828061,scissors,rock,753,0,loss,win,1474,0,-1,3,153,-11
436421a4-b6e8-4713-85fb-76fbfa2f529e,2,85,e72d9316-8af7-47cb-b90c-ed1f4f18fc8a,bot,1583472830661,paper,scissors,592,0,loss,win,1435,0,-1,3,152,-8
436421a4-b6e8-4713-85fb-76fbfa2f529e,2,86,e72d9316-8af7-47cb-b90c-ed1f4f18fc8a,bot,1583472832810,rock,paper,946,0,loss,win,1231,0,-1,3,151,-5
436421a4-b6e8-4713-85fb-76fbfa2f529e,2,87,e72d9316-8af7-47cb-b90c-ed1f4f18fc8a,bot,1583472835032,scissors,rock,852,0,loss,win,1374,0,-1,3,150,-2
436421a4-b6e8-4713-85fb-76fbfa2f529e,2,88,e72d9316-8af7-47cb-b90c-ed1f4f18fc8a,bot,1583472837309,paper,scissors,979,0,loss,win,1657,0,-1,3,149,1
436421a4-b6e8-4713-85fb-76fbfa2f529e,2,89,e72d9316-8af7-47cb-b90c-ed1f4f18fc8a,bot,1583472839991,rock,paper,818,0,loss,win,1286,0,-1,3,148,4
436421a4-b6e8-4713-85fb-76fbfa2f529e,2,90,e72d9316-8af7-47cb-b90c-ed1f4f18fc8a,bot,1583472842138,scissors,rock,699,0,loss,win,1820,0,-1,3,147,7
436421a4-b6e8-4713-85fb-76fbfa2f529e,2,91,e72d9316-8af7-47cb-b90c-ed1f4f18fc8a,bot,1583472844766,scissors,scissors,607,0,tie,tie,1108,0,0,0,146,10
436421a4-b6e8-4713-85fb-76fbfa2f529e,2,92,e72d9316-8af7-47cb-b90c-ed1f4f18fc8a,bot,1583472846803,scissors,paper,1446,0,win,loss,1174,0,3,-1,146,10
436421a4-b6e8-4713-85fb-76fbfa2f529e,2,93,e72d9316-8af7-47cb-b90c-ed1f4f18fc8a,bot,1583472849469,rock,scissors,943,0,win,loss,1207,0,3,-1,149,9
436421a4-b6e8-4713-85fb-76fbfa2f529e,2,94,e72d9316-8af7-47cb-b90c-ed1f4f18fc8a,bot,1583472851664,paper,rock,595,0,win,loss,1216,0,3,-1,152,8
436421a4-b6e8-4713-85fb-76fbfa2f529e,2,95,e72d9316-8af7-47cb-b90c-ed1f4f18fc8a,bot,1583472853520,scissors,paper,812,0,win,loss,787,0,3,-1,155,7
436421a4-b6e8-4713-85fb-76fbfa2f529e,2,96,e72d9316-8af7-47cb-b90c-ed1f4f18fc8a,bot,1583472855237,rock,paper,689,0,loss,win,3137,0,-1,3,158,6
436421a4-b6e8-4713-85fb-76fbfa2f529e,2,97,e72d9316-8af7-47cb-b90c-ed1f4f18fc8a,bot,1583472859113,scissors,rock,1763,0,loss,win,1846,0,-1,3,157,9
436421a4-b6e8-4713-85fb-76fbfa2f529e,2,98,e72d9316-8af7-47cb-b90c-ed1f4f18fc8a,bot,1583472862781,scissors,scissors,1066,0,tie,tie,1698,0,0,0,156,12
436421a4-b6e8-4713-85fb-76fbfa2f529e,2,99,e72d9316-8af7-47cb-b90c-ed1f4f18fc8a,bot,1583472865590,scissors,scissors,921,0,tie,tie,1598,0,0,0,156,12
436421a4-b6e8-4713-85fb-76fbfa2f529e,2,100,e72d9316-8af7-47cb-b90c-ed1f4f18fc8a,bot,1583472868156,rock,scissors,609,0,win,loss,1522,0,3,-1,156,12
436421a4-b6e8-4713-85fb-76fbfa2f529e,2,101,e72d9316-8af7-47cb-b90c-ed1f4f18fc8a,bot,1583472870331,paper,rock,888,0,win,loss,1593,0,3,-1,159,11
436421a4-b6e8-4713-85fb-76fbfa2f529e,2,102,e72d9316-8af7-47cb-b90c-ed1f4f18fc8a,bot,1583472873136,scissors,paper,885,0,win,loss,1625,0,3,-1,162,10
436421a4-b6e8-4713-85fb-76fbfa2f529e,2,103,e72d9316-8af7-47cb-b90c-ed1f4f18fc8a,bot,1583472875727,rock,scissors,1545,0,win,loss,1438,0,3,-1,165,9
436421a4-b6e8-4713-85fb-76fbfa2f529e,2,104,e72d9316-8af7-47cb-b90c-ed1f4f18fc8a,bot,1583472878776,paper,rock,780,0,win,loss,1758,0,3,-1,168,8
436421a4-b6e8-4713-85fb-76fbfa2f529e,2,105,e72d9316-8af7-47cb-b90c-ed1f4f18fc8a,bot,1583472881589,scissors,paper,681,0,win,loss,1359,0,3,-1,171,7
436421a4-b6e8-4713-85fb-76fbfa2f529e,2,106,e72d9316-8af7-47cb-b90c-ed1f4f18fc8a,bot,1583472883722,rock,scissors,946,0,win,loss,1245,0,3,-1,174,6
436421a4-b6e8-4713-85fb-76fbfa2f529e,2,107,e72d9316-8af7-47cb-b90c-ed1f4f18fc8a,bot,1583472886158,paper,rock,679,0,win,loss,1033,0,3,-1,177,5
436421a4-b6e8-4713-85fb-76fbfa2f529e,2,108,e72d9316-8af7-47cb-b90c-ed1f4f18fc8a,bot,1583472887917,scissors,paper,684,0,win,loss,908,0,3,-1,180,4
436421a4-b6e8-4713-85fb-76fbfa2f529e,2,109,e72d9316-8af7-47cb-b90c-ed1f4f18fc8a,bot,1583472889655,rock,rock,559,0,tie,tie,3428,0,0,0,183,3
436421a4-b6e8-4713-85fb-76fbfa2f529e,2,110,e72d9316-8af7-47cb-b90c-ed1f4f18fc8a,bot,1583472893850,rock,rock,817,0,tie,tie,1529,0,0,0,183,3
436421a4-b6e8-4713-85fb-76fbfa2f529e,2,111,e72d9316-8af7-47cb-b90c-ed1f4f18fc8a,bot,1583472896288,rock,paper,971,0,loss,win,1642,0,-1,3,183,3
436421a4-b6e8-4713-85fb-76fbfa2f529e,2,112,e72d9316-8af7-47cb-b90c-ed1f4f18fc8a,bot,1583472898944,scissors,rock,1032,0,loss,win,1843,0,-1,3,182,6
436421a4-b6e8-4713-85fb-76fbfa2f529e,2,113,e72d9316-8af7-47cb-b90c-ed1f4f18fc8a,bot,1583472901866,scissors,scissors,705,0,tie,tie,1600,0,0,0,181,9
436421a4-b6e8-4713-85fb-76fbfa2f529e,2,114,e72d9316-8af7-47cb-b90c-ed1f4f18fc8a,bot,1583472904240,paper,scissors,675,0,loss,win,1262,0,-1,3,181,9
436421a4-b6e8-4713-85fb-76fbfa2f529e,2,115,e72d9316-8af7-47cb-b90c-ed1f4f18fc8a,bot,1583472906327,scissors,paper,1075,0,win,loss,1817,0,3,-1,180,12
436421a4-b6e8-4713-85fb-76fbfa2f529e,2,116,e72d9316-8af7-47cb-b90c-ed1f4f18fc8a,bot,1583472909350,rock,paper,861,0,loss,win,1219,0,-1,3,183,11
436421a4-b6e8-4713-85fb-76fbfa2f529e,2,117,e72d9316-8af7-47cb-b90c-ed1f4f18fc8a,bot,1583472911477,scissors,paper,817,0,win,loss,1524,0,3,-1,182,14
436421a4-b6e8-4713-85fb-76fbfa2f529e,2,118,e72d9316-8af7-47cb-b90c-ed1f4f18fc8a,bot,1583472913876,scissors,scissors,902,0,tie,tie,1349,0,0,0,185,13
436421a4-b6e8-4713-85fb-76fbfa2f529e,2,119,e72d9316-8af7-47cb-b90c-ed1f4f18fc8a,bot,1583472916193,rock,scissors,861,0,win,loss,1297,0,3,-1,185,13
436421a4-b6e8-4713-85fb-76fbfa2f529e,2,120,e72d9316-8af7-47cb-b90c-ed1f4f18fc8a,bot,1583472918395,paper,rock,630,0,win,loss,1070,0,3,-1,188,12
436421a4-b6e8-4713-85fb-76fbfa2f529e,2,121,e72d9316-8af7-47cb-b90c-ed1f4f18fc8a,bot,1583472920397,scissors,paper,686,0,win,loss,1678,0,3,-1,191,11
436421a4-b6e8-4713-85fb-76fbfa2f529e,2,122,e72d9316-8af7-47cb-b90c-ed1f4f18fc8a,bot,1583472922818,rock,scissors,706,0,win,loss,1239,0,3,-1,194,10
436421a4-b6e8-4713-85fb-76fbfa2f529e,2,123,e72d9316-8af7-47cb-b90c-ed1f4f18fc8a,bot,1583472924915,paper,rock,549,0,win,loss,1342,0,3,-1,197,9
436421a4-b6e8-4713-85fb-76fbfa2f529e,2,124,e72d9316-8af7-47cb-b90c-ed1f4f18fc8a,bot,1583472927521,scissors,paper,654,0,win,loss,1494,0,3,-1,200,8
436421a4-b6e8-4713-85fb-76fbfa2f529e,2,125,e72d9316-8af7-47cb-b90c-ed1f4f18fc8a,bot,1583472929715,rock,scissors,870,0,win,loss,1441,0,3,-1,203,7
436421a4-b6e8-4713-85fb-76fbfa2f529e,2,126,e72d9316-8af7-47cb-b90c-ed1f4f18fc8a,bot,1583472932071,paper,rock,974,0,win,loss,1367,0,3,-1,206,6
436421a4-b6e8-4713-85fb-76fbfa2f529e,2,127,e72d9316-8af7-47cb-b90c-ed1f4f18fc8a,bot,1583472934748,scissors,paper,474,0,win,loss,1990,0,3,-1,209,5
436421a4-b6e8-4713-85fb-76fbfa2f529e,2,128,e72d9316-8af7-47cb-b90c-ed1f4f18fc8a,bot,1583472937369,rock,scissors,653,0,win,loss,1113,0,3,-1,212,4
436421a4-b6e8-4713-85fb-76fbfa2f529e,2,129,e72d9316-8af7-47cb-b90c-ed1f4f18fc8a,bot,1583472939178,paper,paper,772,0,tie,tie,2601,0,0,0,215,3
436421a4-b6e8-4713-85fb-76fbfa2f529e,2,130,e72d9316-8af7-47cb-b90c-ed1f4f18fc8a,bot,1583472942612,paper,paper,803,0,tie,tie,1348,0,0,0,215,3
436421a4-b6e8-4713-85fb-76fbfa2f529e,2,131,e72d9316-8af7-47cb-b90c-ed1f4f18fc8a,bot,1583472945104,paper,paper,998,0,tie,tie,2265,0,0,0,215,3
436421a4-b6e8-4713-85fb-76fbfa2f529e,2,132,e72d9316-8af7-47cb-b90c-ed1f4f18fc8a,bot,1583472948461,rock,paper,874,0,loss,win,1497,0,-1,3,215,3
436421a4-b6e8-4713-85fb-76fbfa2f529e,2,133,e72d9316-8af7-47cb-b90c-ed1f4f18fc8a,bot,1583472951003,rock,rock,872,0,tie,tie,1926,0,0,0,214,6
436421a4-b6e8-4713-85fb-76fbfa2f529e,2,134,e72d9316-8af7-47cb-b90c-ed1f4f18fc8a,bot,1583472954149,paper,rock,1255,0,win,loss,1489,0,3,-1,214,6
436421a4-b6e8-4713-85fb-76fbfa2f529e,2,135,e72d9316-8af7-47cb-b90c-ed1f4f18fc8a,bot,1583472956936,paper,rock,962,0,win,loss,1350,0,3,-1,217,5
436421a4-b6e8-4713-85fb-76fbfa2f529e,2,136,e72d9316-8af7-47cb-b90c-ed1f4f18fc8a,bot,1583472959294,paper,paper,1013,0,tie,tie,1311,0,0,0,220,4
436421a4-b6e8-4713-85fb-76fbfa2f529e,2,137,e72d9316-8af7-47cb-b90c-ed1f4f18fc8a,bot,1583472961780,scissors,rock,491,0,loss,win,2396,0,-1,3,220,4
436421a4-b6e8-4713-85fb-76fbfa2f529e,2,138,e72d9316-8af7-47cb-b90c-ed1f4f18fc8a,bot,1583472964928,paper,scissors,572,0,loss,win,2068,0,-1,3,219,7
436421a4-b6e8-4713-85fb-76fbfa2f529e,2,139,e72d9316-8af7-47cb-b90c-ed1f4f18fc8a,bot,1583472967642,rock,paper,641,0,loss,win,2097,0,-1,3,218,10
436421a4-b6e8-4713-85fb-76fbfa2f529e,2,140,e72d9316-8af7-47cb-b90c-ed1f4f18fc8a,bot,1583472970423,rock,rock,1290,0,tie,tie,1758,0,0,0,217,13
436421a4-b6e8-4713-85fb-76fbfa2f529e,2,141,e72d9316-8af7-47cb-b90c-ed1f4f18fc8a,bot,1583472973550,rock,rock,990,0,tie,tie,1532,0,0,0,217,13
436421a4-b6e8-4713-85fb-76fbfa2f529e,2,142,e72d9316-8af7-47cb-b90c-ed1f4f18fc8a,bot,1583472976113,rock,rock,894,0,tie,tie,1526,0,0,0,217,13
436421a4-b6e8-4713-85fb-76fbfa2f529e,2,143,e72d9316-8af7-47cb-b90c-ed1f4f18fc8a,bot,1583472978631,rock,rock,750,0,tie,tie,1157,0,0,0,217,13
436421a4-b6e8-4713-85fb-76fbfa2f529e,2,144,e72d9316-8af7-47cb-b90c-ed1f4f18fc8a,bot,1583472980654,rock,rock,998,0,tie,tie,1569,0,0,0,217,13
436421a4-b6e8-4713-85fb-76fbfa2f529e,2,145,e72d9316-8af7-47cb-b90c-ed1f4f18fc8a,bot,1583472983262,scissors,rock,2758,0,loss,win,1244,0,-1,3,217,13
436421a4-b6e8-4713-85fb-76fbfa2f529e,2,146,e72d9316-8af7-47cb-b90c-ed1f4f18fc8a,bot,1583472987307,paper,scissors,748,0,loss,win,1393,0,-1,3,216,16
436421a4-b6e8-4713-85fb-76fbfa2f529e,2,147,e72d9316-8af7-47cb-b90c-ed1f4f18fc8a,bot,1583472989491,rock,paper,830,0,loss,win,1945,0,-1,3,215,19
436421a4-b6e8-4713-85fb-76fbfa2f529e,2,148,e72d9316-8af7-47cb-b90c-ed1f4f18fc8a,bot,1583472992443,paper,rock,605,0,win,loss,1697,0,3,-1,214,22
436421a4-b6e8-4713-85fb-76fbfa2f529e,2,149,e72d9316-8af7-47cb-b90c-ed1f4f18fc8a,bot,1583472995248,scissors,paper,969,0,win,loss,1216,0,3,-1,217,21
436421a4-b6e8-4713-85fb-76fbfa2f529e,2,150,e72d9316-8af7-47cb-b90c-ed1f4f18fc8a,bot,1583472997523,rock,scissors,1054,0,win,loss,1374,0,3,-1,220,20
436421a4-b6e8-4713-85fb-76fbfa2f529e,2,151,e72d9316-8af7-47cb-b90c-ed1f4f18fc8a,bot,1583472999994,paper,rock,602,0,win,loss,952,0,3,-1,223,19
436421a4-b6e8-4713-85fb-76fbfa2f529e,2,152,e72d9316-8af7-47cb-b90c-ed1f4f18fc8a,bot,1583473001593,scissors,scissors,561,0,tie,tie,1558,0,0,0,226,18
436421a4-b6e8-4713-85fb-76fbfa2f529e,2,153,e72d9316-8af7-47cb-b90c-ed1f4f18fc8a,bot,1583473003759,rock,scissors,954,0,win,loss,1729,0,3,-1,226,18
436421a4-b6e8-4713-85fb-76fbfa2f529e,2,154,e72d9316-8af7-47cb-b90c-ed1f4f18fc8a,bot,1583473006712,rock,rock,931,0,tie,tie,1292,0,0,0,229,17
436421a4-b6e8-4713-85fb-76fbfa2f529e,2,155,e72d9316-8af7-47cb-b90c-ed1f4f18fc8a,bot,1583473009301,scissors,paper,565,0,win,loss,1279,0,3,-1,229,17
436421a4-b6e8-4713-85fb-76fbfa2f529e,2,156,e72d9316-8af7-47cb-b90c-ed1f4f18fc8a,bot,1583473011420,rock,scissors,694,0,win,loss,1271,0,3,-1,232,16
436421a4-b6e8-4713-85fb-76fbfa2f529e,2,157,e72d9316-8af7-47cb-b90c-ed1f4f18fc8a,bot,1583473013757,paper,rock,819,0,win,loss,1495,0,3,-1,235,15
436421a4-b6e8-4713-85fb-76fbfa2f529e,2,158,e72d9316-8af7-47cb-b90c-ed1f4f18fc8a,bot,1583473016336,scissors,scissors,710,0,tie,tie,3031,0,0,0,238,14
436421a4-b6e8-4713-85fb-76fbfa2f529e,2,159,e72d9316-8af7-47cb-b90c-ed1f4f18fc8a,bot,1583473020147,paper,scissors,4251,0,loss,win,2089,0,-1,3,238,14
436421a4-b6e8-4713-85fb-76fbfa2f529e,2,160,e72d9316-8af7-47cb-b90c-ed1f4f18fc8a,bot,1583473026529,rock,paper,853,0,loss,win,1751,0,-1,3,237,17
436421a4-b6e8-4713-85fb-76fbfa2f529e,2,161,e72d9316-8af7-47cb-b90c-ed1f4f18fc8a,bot,1583473029175,scissors,rock,573,0,loss,win,1441,0,-1,3,236,20
436421a4-b6e8-4713-85fb-76fbfa2f529e,2,162,e72d9316-8af7-47cb-b90c-ed1f4f18fc8a,bot,1583473031233,paper,scissors,796,0,loss,win,1638,0,-1,3,235,23
436421a4-b6e8-4713-85fb-76fbfa2f529e,2,163,e72d9316-8af7-47cb-b90c-ed1f4f18fc8a,bot,1583473033712,rock,paper,1011,0,loss,win,1505,0,-1,3,234,26
436421a4-b6e8-4713-85fb-76fbfa2f529e,2,164,e72d9316-8af7-47cb-b90c-ed1f4f18fc8a,bot,1583473036282,scissors,scissors,1562,0,tie,tie,1418,0,0,0,233,29
436421a4-b6e8-4713-85fb-76fbfa2f529e,2,165,e72d9316-8af7-47cb-b90c-ed1f4f18fc8a,bot,1583473039372,rock,scissors,937,0,win,loss,1387,0,3,-1,233,29
436421a4-b6e8-4713-85fb-76fbfa2f529e,2,166,e72d9316-8af7-47cb-b90c-ed1f4f18fc8a,bot,1583473041930,paper,rock,505,0,win,loss,1323,0,3,-1,236,28
436421a4-b6e8-4713-85fb-76fbfa2f529e,2,167,e72d9316-8af7-47cb-b90c-ed1f4f18fc8a,bot,1583473043800,scissors,paper,747,0,win,loss,1180,0,3,-1,239,27
436421a4-b6e8-4713-85fb-76fbfa2f529e,2,168,e72d9316-8af7-47cb-b90c-ed1f4f18fc8a,bot,1583473046886,rock,scissors,1600,0,win,loss,1180,0,3,-1,242,26
436421a4-b6e8-4713-85fb-76fbfa2f529e,2,169,e72d9316-8af7-47cb-b90c-ed1f4f18fc8a,bot,1583473049925,paper,paper,792,0,tie,tie,2171,0,0,0,245,25
436421a4-b6e8-4713-85fb-76fbfa2f529e,2,170,e72d9316-8af7-47cb-b90c-ed1f4f18fc8a,bot,1583473053035,rock,paper,1107,0,loss,win,1405,0,-1,3,245,25
436421a4-b6e8-4713-85fb-76fbfa2f529e,2,171,e72d9316-8af7-47cb-b90c-ed1f4f18fc8a,bot,1583473055641,scissors,rock,766,0,loss,win,1781,0,-1,3,244,28
436421a4-b6e8-4713-85fb-76fbfa2f529e,2,172,e72d9316-8af7-47cb-b90c-ed1f4f18fc8a,bot,1583473058281,paper,scissors,692,0,loss,win,1852,0,-1,3,243,31
436421a4-b6e8-4713-85fb-76fbfa2f529e,2,173,e72d9316-8af7-47cb-b90c-ed1f4f18fc8a,bot,1583473061089,rock,paper,898,0,loss,win,1591,0,-1,3,242,34
436421a4-b6e8-4713-85fb-76fbfa2f529e,2,174,e72d9316-8af7-47cb-b90c-ed1f4f18fc8a,bot,1583473063794,scissors,rock,680,0,loss,win,1274,0,-1,3,241,37
436421a4-b6e8-4713-85fb-76fbfa2f529e,2,175,e72d9316-8af7-47cb-b90c-ed1f4f18fc8a,bot,1583473065873,paper,scissors,595,0,loss,win,1449,0,-1,3,240,40
436421a4-b6e8-4713-85fb-76fbfa2f529e,2,176,e72d9316-8af7-47cb-b90c-ed1f4f18fc8a,bot,1583473067958,rock,paper,897,0,loss,win,1792,0,-1,3,239,43
436421a4-b6e8-4713-85fb-76fbfa2f529e,2,177,e72d9316-8af7-47cb-b90c-ed1f4f18fc8a,bot,1583473070782,scissors,rock,790,0,loss,win,1738,0,-1,3,238,46
436421a4-b6e8-4713-85fb-76fbfa2f529e,2,178,e72d9316-8af7-47cb-b90c-ed1f4f18fc8a,bot,1583473073354,scissors,scissors,1307,0,tie,tie,1142,0,0,0,237,49
436421a4-b6e8-4713-85fb-76fbfa2f529e,2,179,e72d9316-8af7-47cb-b90c-ed1f4f18fc8a,bot,1583473076790,scissors,scissors,940,0,tie,tie,1434,0,0,0,237,49
436421a4-b6e8-4713-85fb-76fbfa2f529e,2,180,e72d9316-8af7-47cb-b90c-ed1f4f18fc8a,bot,1583473079229,scissors,scissors,327,0,tie,tie,1014,0,0,0,237,49
436421a4-b6e8-4713-85fb-76fbfa2f529e,2,181,e72d9316-8af7-47cb-b90c-ed1f4f18fc8a,bot,1583473081187,scissors,scissors,829,0,tie,tie,1021,0,0,0,237,49
436421a4-b6e8-4713-85fb-76fbfa2f529e,2,182,e72d9316-8af7-47cb-b90c-ed1f4f18fc8a,bot,1583473083087,scissors,scissors,818,0,tie,tie,1018,0,0,0,237,49
436421a4-b6e8-4713-85fb-76fbfa2f529e,2,183,e72d9316-8af7-47cb-b90c-ed1f4f18fc8a,bot,1583473084966,scissors,scissors,668,0,tie,tie,1152,0,0,0,237,49
436421a4-b6e8-4713-85fb-76fbfa2f529e,2,184,e72d9316-8af7-47cb-b90c-ed1f4f18fc8a,bot,1583473086925,scissors,scissors,817,0,tie,tie,1124,0,0,0,237,49
436421a4-b6e8-4713-85fb-76fbfa2f529e,2,185,e72d9316-8af7-47cb-b90c-ed1f4f18fc8a,bot,1583473088993,scissors,scissors,917,0,tie,tie,1211,0,0,0,237,49
436421a4-b6e8-4713-85fb-76fbfa2f529e,2,186,e72d9316-8af7-47cb-b90c-ed1f4f18fc8a,bot,1583473091203,scissors,scissors,857,0,tie,tie,1179,0,0,0,237,49
436421a4-b6e8-4713-85fb-76fbfa2f529e,2,187,e72d9316-8af7-47cb-b90c-ed1f4f18fc8a,bot,1583473093279,scissors,scissors,1077,0,tie,tie,1064,0,0,0,237,49
436421a4-b6e8-4713-85fb-76fbfa2f529e,2,188,e72d9316-8af7-47cb-b90c-ed1f4f18fc8a,bot,1583473095580,scissors,scissors,572,0,tie,tie,1291,0,0,0,237,49
436421a4-b6e8-4713-85fb-76fbfa2f529e,2,189,e72d9316-8af7-47cb-b90c-ed1f4f18fc8a,bot,1583473097567,rock,scissors,900,0,win,loss,1519,0,3,-1,237,49
436421a4-b6e8-4713-85fb-76fbfa2f529e,2,190,e72d9316-8af7-47cb-b90c-ed1f4f18fc8a,bot,1583473100563,paper,rock,823,0,win,loss,1374,0,3,-1,240,48
436421a4-b6e8-4713-85fb-76fbfa2f529e,2,191,e72d9316-8af7-47cb-b90c-ed1f4f18fc8a,bot,1583473103094,scissors,paper,923,0,win,loss,1614,0,3,-1,243,47
436421a4-b6e8-4713-85fb-76fbfa2f529e,2,192,e72d9316-8af7-47cb-b90c-ed1f4f18fc8a,bot,1583473107293,rock,scissors,1152,0,win,loss,1305,0,3,-1,246,46
436421a4-b6e8-4713-85fb-76fbfa2f529e,2,193,e72d9316-8af7-47cb-b90c-ed1f4f18fc8a,bot,1583473109868,paper,rock,951,0,win,loss,1481,0,3,-1,249,45
436421a4-b6e8-4713-85fb-76fbfa2f529e,2,194,e72d9316-8af7-47cb-b90c-ed1f4f18fc8a,bot,1583473113484,scissors,paper,1094,0,win,loss,2957,0,3,-1,252,44
436421a4-b6e8-4713-85fb-76fbfa2f529e,2,195,e72d9316-8af7-47cb-b90c-ed1f4f18fc8a,bot,1583473117607,rock,scissors,837,0,win,loss,1289,0,3,-1,255,43
436421a4-b6e8-4713-85fb-76fbfa2f529e,2,196,e72d9316-8af7-47cb-b90c-ed1f4f18fc8a,bot,1583473119778,paper,rock,821,0,win,loss,1359,0,3,-1,258,42
436421a4-b6e8-4713-85fb-76fbfa2f529e,2,197,e72d9316-8af7-47cb-b90c-ed1f4f18fc8a,bot,1583473122452,scissors,paper,553,0,win,loss,1667,0,3,-1,261,41
436421a4-b6e8-4713-85fb-76fbfa2f529e,2,198,e72d9316-8af7-47cb-b90c-ed1f4f18fc8a,bot,1583473124714,rock,scissors,1625,0,win,loss,1529,0,3,-1,264,40
436421a4-b6e8-4713-85fb-76fbfa2f529e,2,199,e72d9316-8af7-47cb-b90c-ed1f4f18fc8a,bot,1583473127913,paper,rock,807,0,win,loss,1010,0,3,-1,267,39
436421a4-b6e8-4713-85fb-76fbfa2f529e,2,200,e72d9316-8af7-47cb-b90c-ed1f4f18fc8a,bot,1583473129823,scissors,paper,596,0,win,loss,1255,0,3,-1,270,38
436421a4-b6e8-4713-85fb-76fbfa2f529e,2,201,e72d9316-8af7-47cb-b90c-ed1f4f18fc8a,bot,1583473131890,rock,scissors,1307,0,win,loss,1212,0,3,-1,273,37
436421a4-b6e8-4713-85fb-76fbfa2f529e,2,202,e72d9316-8af7-47cb-b90c-ed1f4f18fc8a,bot,1583473134453,paper,rock,553,0,win,loss,977,0,3,-1,276,36
436421a4-b6e8-4713-85fb-76fbfa2f529e,2,203,e72d9316-8af7-47cb-b90c-ed1f4f18fc8a,bot,1583473136062,scissors,paper,971,0,win,loss,948,0,3,-1,279,35
436421a4-b6e8-4713-85fb-76fbfa2f529e,2,204,e72d9316-8af7-47cb-b90c-ed1f4f18fc8a,bot,1583473138024,rock,paper,748,0,loss,win,2075,0,-1,3,282,34
436421a4-b6e8-4713-85fb-76fbfa2f529e,2,205,e72d9316-8af7-47cb-b90c-ed1f4f18fc8a,bot,1583473140890,scissors,rock,1227,0,loss,win,1518,0,-1,3,281,37
436421a4-b6e8-4713-85fb-76fbfa2f529e,2,206,e72d9316-8af7-47cb-b90c-ed1f4f18fc8a,bot,1583473143708,paper,scissors,773,0,loss,win,1181,0,-1,3,280,40
436421a4-b6e8-4713-85fb-76fbfa2f529e,2,207,e72d9316-8af7-47cb-b90c-ed1f4f18fc8a,bot,1583473145734,paper,paper,855,0,tie,tie,1394,0,0,0,279,43
436421a4-b6e8-4713-85fb-76fbfa2f529e,2,208,e72d9316-8af7-47cb-b90c-ed1f4f18fc8a,bot,1583473148032,scissors,scissors,840,0,tie,tie,1388,0,0,0,279,43
436421a4-b6e8-4713-85fb-76fbfa2f529e,2,209,e72d9316-8af7-47cb-b90c-ed1f4f18fc8a,bot,1583473150308,rock,scissors,719,0,win,loss,2125,0,3,-1,279,43
436421a4-b6e8-4713-85fb-76fbfa2f529e,2,210,e72d9316-8af7-47cb-b90c-ed1f4f18fc8a,bot,1583473153195,rock,paper,763,0,loss,win,1437,0,-1,3,282,42
436421a4-b6e8-4713-85fb-76fbfa2f529e,2,211,e72d9316-8af7-47cb-b90c-ed1f4f18fc8a,bot,1583473155890,paper,rock,834,0,win,loss,1422,0,3,-1,281,45
436421a4-b6e8-4713-85fb-76fbfa2f529e,2,212,e72d9316-8af7-47cb-b90c-ed1f4f18fc8a,bot,1583473158242,scissors,paper,680,0,win,loss,1120,0,3,-1,284,44
436421a4-b6e8-4713-85fb-76fbfa2f529e,2,213,e72d9316-8af7-47cb-b90c-ed1f4f18fc8a,bot,1583473160088,rock,scissors,868,0,win,loss,1074,0,3,-1,287,43
436421a4-b6e8-4713-85fb-76fbfa2f529e,2,214,e72d9316-8af7-47cb-b90c-ed1f4f18fc8a,bot,1583473162094,paper,rock,571,0,win,loss,965,0,3,-1,290,42
436421a4-b6e8-4713-85fb-76fbfa2f529e,2,215,e72d9316-8af7-47cb-b90c-ed1f4f18fc8a,bot,1583473163673,scissors,paper,1077,0,win,loss,1696,0,3,-1,293,41
436421a4-b6e8-4713-85fb-76fbfa2f529e,2,216,e72d9316-8af7-47cb-b90c-ed1f4f18fc8a,bot,1583473166944,rock,scissors,936,0,win,loss,1367,0,3,-1,296,40
436421a4-b6e8-4713-85fb-76fbfa2f529e,2,217,e72d9316-8af7-47cb-b90c-ed1f4f18fc8a,bot,1583473169292,paper,rock,699,0,win,loss,1287,0,3,-1,299,39
436421a4-b6e8-4713-85fb-76fbfa2f529e,2,218,e72d9316-8af7-47cb-b90c-ed1f4f18fc8a,bot,1583473171325,scissors,paper,615,0,win,loss,1150,0,3,-1,302,38
436421a4-b6e8-4713-85fb-76fbfa2f529e,2,219,e72d9316-8af7-47cb-b90c-ed1f4f18fc8a,bot,1583473173135,rock,paper,848,0,loss,win,2220,0,-1,3,305,37
436421a4-b6e8-4713-85fb-76fbfa2f529e,2,220,e72d9316-8af7-47cb-b90c-ed1f4f18fc8a,bot,1583473176246,rock,rock,918,0,tie,tie,4351,0,0,0,304,40
436421a4-b6e8-4713-85fb-76fbfa2f529e,2,221,e72d9316-8af7-47cb-b90c-ed1f4f18fc8a,bot,1583473181561,rock,rock,985,0,tie,tie,1329,0,0,0,304,40
436421a4-b6e8-4713-85fb-76fbfa2f529e,2,222,e72d9316-8af7-47cb-b90c-ed1f4f18fc8a,bot,1583473183925,paper,rock,572,0,win,loss,1761,0,3,-1,304,40
436421a4-b6e8-4713-85fb-76fbfa2f529e,2,223,e72d9316-8af7-47cb-b90c-ed1f4f18fc8a,bot,1583473186304,scissors,scissors,1497,0,tie,tie,1544,0,0,0,307,39
436421a4-b6e8-4713-85fb-76fbfa2f529e,2,224,e72d9316-8af7-47cb-b90c-ed1f4f18fc8a,bot,1583473189411,rock,scissors,906,0,win,loss,1476,0,3,-1,307,39
436421a4-b6e8-4713-85fb-76fbfa2f529e,2,225,e72d9316-8af7-47cb-b90c-ed1f4f18fc8a,bot,1583473191869,paper,rock,1126,0,win,loss,1350,0,3,-1,310,38
436421a4-b6e8-4713-85fb-76fbfa2f529e,2,226,e72d9316-8af7-47cb-b90c-ed1f4f18fc8a,bot,1583473194395,scissors,paper,967,0,win,loss,1210,0,3,-1,313,37
436421a4-b6e8-4713-85fb-76fbfa2f529e,2,227,e72d9316-8af7-47cb-b90c-ed1f4f18fc8a,bot,1583473196630,rock,scissors,995,0,win,loss,1144,0,3,-1,316,36
436421a4-b6e8-4713-85fb-76fbfa2f529e,2,228,e72d9316-8af7-47cb-b90c-ed1f4f18fc8a,bot,1583473198815,paper,rock,752,0,win,loss,1442,0,3,-1,319,35
436421a4-b6e8-4713-85fb-76fbfa2f529e,2,229,e72d9316-8af7-47cb-b90c-ed1f4f18fc8a,bot,1583473201308,scissors,paper,581,0,win,loss,1184,0,3,-1,322,34
436421a4-b6e8-4713-85fb-76fbfa2f529e,2,230,e72d9316-8af7-47cb-b90c-ed1f4f18fc8a,bot,1583473203139,rock,scissors,729,0,win,loss,1090,0,3,-1,325,33
436421a4-b6e8-4713-85fb-76fbfa2f529e,2,231,e72d9316-8af7-47cb-b90c-ed1f4f18fc8a,bot,1583473205010,paper,rock,618,0,win,loss,1032,0,3,-1,328,32
436421a4-b6e8-4713-85fb-76fbfa2f529e,2,232,e72d9316-8af7-47cb-b90c-ed1f4f18fc8a,bot,1583473206713,scissors,paper,624,0,win,loss,1164,0,3,-1,331,31
436421a4-b6e8-4713-85fb-76fbfa2f529e,2,233,e72d9316-8af7-47cb-b90c-ed1f4f18fc8a,bot,1583473208548,rock,scissors,689,0,win,loss,2090,0,3,-1,334,30
436421a4-b6e8-4713-85fb-76fbfa2f529e,2,234,e72d9316-8af7-47cb-b90c-ed1f4f18fc8a,bot,1583473211436,paper,rock,579,0,win,loss,1208,0,3,-1,337,29
436421a4-b6e8-4713-85fb-76fbfa2f529e,2,235,e72d9316-8af7-47cb-b90c-ed1f4f18fc8a,bot,1583473213265,scissors,paper,805,0,win,loss,742,0,3,-1,340,28
436421a4-b6e8-4713-85fb-76fbfa2f529e,2,236,e72d9316-8af7-47cb-b90c-ed1f4f18fc8a,bot,1583473214859,rock,scissors,854,0,win,loss,1253,0,3,-1,343,27
436421a4-b6e8-4713-85fb-76fbfa2f529e,2,237,e72d9316-8af7-47cb-b90c-ed1f4f18fc8a,bot,1583473217015,paper,rock,625,0,win,loss,966,0,3,-1,346,26
436421a4-b6e8-4713-85fb-76fbfa2f529e,2,238,e72d9316-8af7-47cb-b90c-ed1f4f18fc8a,bot,1583473218709,scissors,paper,651,0,win,loss,1469,0,3,-1,349,25
436421a4-b6e8-4713-85fb-76fbfa2f529e,2,239,e72d9316-8af7-47cb-b90c-ed1f4f18fc8a,bot,1583473220875,rock,scissors,764,0,win,loss,976,0,3,-1,352,24
436421a4-b6e8-4713-85fb-76fbfa2f529e,2,240,e72d9316-8af7-47cb-b90c-ed1f4f18fc8a,bot,1583473222680,paper,rock,766,0,win,loss,1139,0,3,-1,355,23
436421a4-b6e8-4713-85fb-76fbfa2f529e,2,241,e72d9316-8af7-47cb-b90c-ed1f4f18fc8a,bot,1583473224632,scissors,paper,698,0,win,loss,838,0,3,-1,358,22
436421a4-b6e8-4713-85fb-76fbfa2f529e,2,242,e72d9316-8af7-47cb-b90c-ed1f4f18fc8a,bot,1583473226211,rock,scissors,1322,0,win,loss,1222,0,3,-1,361,21
436421a4-b6e8-4713-85fb-76fbfa2f529e,2,243,e72d9316-8af7-47cb-b90c-ed1f4f18fc8a,bot,1583473228804,paper,rock,717,0,win,loss,1313,0,3,-1,364,20
436421a4-b6e8-4713-85fb-76fbfa2f529e,2,244,e72d9316-8af7-47cb-b90c-ed1f4f18fc8a,bot,1583473230874,scissors,paper,623,0,win,loss,1107,0,3,-1,367,19
436421a4-b6e8-4713-85fb-76fbfa2f529e,2,245,e72d9316-8af7-47cb-b90c-ed1f4f18fc8a,bot,1583473232654,rock,paper,629,0,loss,win,1899,0,-1,3,370,18
436421a4-b6e8-4713-85fb-76fbfa2f529e,2,246,e72d9316-8af7-47cb-b90c-ed1f4f18fc8a,bot,1583473235227,paper,rock,643,0,win,loss,1955,0,3,-1,369,21
436421a4-b6e8-4713-85fb-76fbfa2f529e,2,247,e72d9316-8af7-47cb-b90c-ed1f4f18fc8a,bot,1583473237873,scissors,paper,1117,0,win,loss,1377,0,3,-1,372,20
436421a4-b6e8-4713-85fb-76fbfa2f529e,2,248,e72d9316-8af7-47cb-b90c-ed1f4f18fc8a,bot,1583473240411,rock,scissors,728,0,win,loss,1149,0,3,-1,375,19
436421a4-b6e8-4713-85fb-76fbfa2f529e,2,249,e72d9316-8af7-47cb-b90c-ed1f4f18fc8a,bot,1583473242534,paper,rock,616,0,win,loss,1731,0,3,-1,378,18
436421a4-b6e8-4713-85fb-76fbfa2f529e,2,250,e72d9316-8af7-47cb-b90c-ed1f4f18fc8a,bot,1583473244930,scissors,paper,752,0,win,loss,1121,0,3,-1,381,17
436421a4-b6e8-4713-85fb-76fbfa2f529e,2,251,e72d9316-8af7-47cb-b90c-ed1f4f18fc8a,bot,1583473246845,rock,scissors,669,0,win,loss,1023,0,3,-1,384,16
436421a4-b6e8-4713-85fb-76fbfa2f529e,2,252,e72d9316-8af7-47cb-b90c-ed1f4f18fc8a,bot,1583473248580,paper,rock,962,0,win,loss,1041,0,3,-1,387,15
436421a4-b6e8-4713-85fb-76fbfa2f529e,2,253,e72d9316-8af7-47cb-b90c-ed1f4f18fc8a,bot,1583473250627,scissors,paper,643,0,win,loss,1201,0,3,-1,390,14
436421a4-b6e8-4713-85fb-76fbfa2f529e,2,254,e72d9316-8af7-47cb-b90c-ed1f4f18fc8a,bot,1583473252512,rock,scissors,902,0,win,loss,883,0,3,-1,393,13
436421a4-b6e8-4713-85fb-76fbfa2f529e,2,255,e72d9316-8af7-47cb-b90c-ed1f4f18fc8a,bot,1583473254340,paper,rock,629,0,win,loss,950,0,3,-1,396,12
436421a4-b6e8-4713-85fb-76fbfa2f529e,2,256,e72d9316-8af7-47cb-b90c-ed1f4f18fc8a,bot,1583473255964,scissors,paper,636,0,win,loss,943,0,3,-1,399,11
436421a4-b6e8-4713-85fb-76fbfa2f529e,2,257,e72d9316-8af7-47cb-b90c-ed1f4f18fc8a,bot,1583473257587,rock,scissors,850,0,win,loss,1815,0,3,-1,402,10
436421a4-b6e8-4713-85fb-76fbfa2f529e,2,258,e72d9316-8af7-47cb-b90c-ed1f4f18fc8a,bot,1583473260294,paper,rock,658,0,win,loss,1017,0,3,-1,405,9
436421a4-b6e8-4713-85fb-76fbfa2f529e,2,259,e72d9316-8af7-47cb-b90c-ed1f4f18fc8a,bot,1583473262009,scissors,paper,851,0,win,loss,1338,0,3,-1,408,8
436421a4-b6e8-4713-85fb-76fbfa2f529e,2,260,e72d9316-8af7-47cb-b90c-ed1f4f18fc8a,bot,1583473264241,rock,rock,892,0,tie,tie,4780,0,0,0,411,7
436421a4-b6e8-4713-85fb-76fbfa2f529e,2,261,e72d9316-8af7-47cb-b90c-ed1f4f18fc8a,bot,1583473269956,scissors,rock,1056,0,loss,win,1885,0,-1,3,411,7
436421a4-b6e8-4713-85fb-76fbfa2f529e,2,262,e72d9316-8af7-47cb-b90c-ed1f4f18fc8a,bot,1583473272940,rock,scissors,926,0,win,loss,1598,0,3,-1,410,10
436421a4-b6e8-4713-85fb-76fbfa2f529e,2,263,e72d9316-8af7-47cb-b90c-ed1f4f18fc8a,bot,1583473275508,paper,rock,1084,0,win,loss,1586,0,3,-1,413,9
436421a4-b6e8-4713-85fb-76fbfa2f529e,2,264,e72d9316-8af7-47cb-b90c-ed1f4f18fc8a,bot,1583473278224,scissors,paper,592,0,win,loss,1072,0,3,-1,416,8
436421a4-b6e8-4713-85fb-76fbfa2f529e,2,265,e72d9316-8af7-47cb-b90c-ed1f4f18fc8a,bot,1583473279930,rock,scissors,766,0,win,loss,1742,0,3,-1,419,7
436421a4-b6e8-4713-85fb-76fbfa2f529e,2,266,e72d9316-8af7-47cb-b90c-ed1f4f18fc8a,bot,1583473282742,paper,rock,834,0,win,loss,1161,0,3,-1,422,6
436421a4-b6e8-4713-85fb-76fbfa2f529e,2,267,e72d9316-8af7-47cb-b90c-ed1f4f18fc8a,bot,1583473284779,scissors,paper,597,0,win,loss,745,0,3,-1,425,5
436421a4-b6e8-4713-85fb-76fbfa2f529e,2,268,e72d9316-8af7-47cb-b90c-ed1f4f18fc8a,bot,1583473286163,rock,scissors,658,0,win,loss,884,0,3,-1,428,4
436421a4-b6e8-4713-85fb-76fbfa2f529e,2,269,e72d9316-8af7-47cb-b90c-ed1f4f18fc8a,bot,1583473287750,paper,rock,571,0,win,loss,1016,0,3,-1,431,3
436421a4-b6e8-4713-85fb-76fbfa2f529e,2,270,e72d9316-8af7-47cb-b90c-ed1f4f18fc8a,bot,1583473289379,scissors,paper,605,0,win,loss,818,0,3,-1,434,2
436421a4-b6e8-4713-85fb-76fbfa2f529e,2,271,e72d9316-8af7-47cb-b90c-ed1f4f18fc8a,bot,1583473290843,rock,scissors,857,0,win,loss,1286,0,3,-1,437,1
436421a4-b6e8-4713-85fb-76fbfa2f529e,2,272,e72d9316-8af7-47cb-b90c-ed1f4f18fc8a,bot,1583473293050,paper,rock,579,0,win,loss,905,0,3,-1,440,0
436421a4-b6e8-4713-85fb-76fbfa2f529e,2,273,e72d9316-8af7-47cb-b90c-ed1f4f18fc8a,bot,1583473294576,scissors,paper,643,0,win,loss,1068,0,3,-1,443,-1
436421a4-b6e8-4713-85fb-76fbfa2f529e,2,274,e72d9316-8af7-47cb-b90c-ed1f4f18fc8a,bot,1583473296334,rock,scissors,858,0,win,loss,1141,0,3,-1,446,-2
436421a4-b6e8-4713-85fb-76fbfa2f529e,2,275,e72d9316-8af7-47cb-b90c-ed1f4f18fc8a,bot,1583473298379,paper,rock,581,0,win,loss,822,0,3,-1,449,-3
436421a4-b6e8-4713-85fb-76fbfa2f529e,2,276,e72d9316-8af7-47cb-b90c-ed1f4f18fc8a,bot,1583473299823,scissors,paper,594,0,win,loss,814,0,3,-1,452,-4
436421a4-b6e8-4713-85fb-76fbfa2f529e,2,277,e72d9316-8af7-47cb-b90c-ed1f4f18fc8a,bot,1583473301277,rock,scissors,866,0,win,loss,1041,0,3,-1,455,-5
436421a4-b6e8-4713-85fb-76fbfa2f529e,2,278,e72d9316-8af7-47cb-b90c-ed1f4f18fc8a,bot,1583473303227,paper,rock,802,0,win,loss,986,0,3,-1,458,-6
436421a4-b6e8-4713-85fb-76fbfa2f529e,2,279,e72d9316-8af7-47cb-b90c-ed1f4f18fc8a,bot,1583473305057,scissors,rock,628,0,loss,win,2648,0,-1,3,461,-7
436421a4-b6e8-4713-85fb-76fbfa2f529e,2,280,e72d9316-8af7-47cb-b90c-ed1f4f18fc8a,bot,1583473308376,rock,scissors,629,0,win,loss,1796,0,3,-1,460,-4
436421a4-b6e8-4713-85fb-76fbfa2f529e,2,281,e72d9316-8af7-47cb-b90c-ed1f4f18fc8a,bot,1583473310858,paper,rock,785,0,win,loss,1283,0,3,-1,463,-5
436421a4-b6e8-4713-85fb-76fbfa2f529e,2,282,e72d9316-8af7-47cb-b90c-ed1f4f18fc8a,bot,1583473313029,scissors,paper,657,0,win,loss,940,0,3,-1,466,-6
436421a4-b6e8-4713-85fb-76fbfa2f529e,2,283,e72d9316-8af7-47cb-b90c-ed1f4f18fc8a,bot,1583473314673,rock,scissors,775,0,win,loss,1290,0,3,-1,469,-7
436421a4-b6e8-4713-85fb-76fbfa2f529e,2,284,e72d9316-8af7-47cb-b90c-ed1f4f18fc8a,bot,1583473316779,paper,rock,809,0,win,loss,1709,0,3,-1,472,-8
436421a4-b6e8-4713-85fb-76fbfa2f529e,2,285,e72d9316-8af7-47cb-b90c-ed1f4f18fc8a,bot,1583473319339,scissors,paper,588,0,win,loss,1057,0,3,-1,475,-9
436421a4-b6e8-4713-85fb-76fbfa2f529e,2,286,e72d9316-8af7-47cb-b90c-ed1f4f18fc8a,bot,1583473321087,rock,scissors,611,0,win,loss,975,0,3,-1,478,-10
436421a4-b6e8-4713-85fb-76fbfa2f529e,2,287,e72d9316-8af7-47cb-b90c-ed1f4f18fc8a,bot,1583473322719,paper,rock,818,0,win,loss,1023,0,3,-1,481,-11
436421a4-b6e8-4713-85fb-76fbfa2f529e,2,288,e72d9316-8af7-47cb-b90c-ed1f4f18fc8a,bot,1583473324605,scissors,paper,737,0,win,loss,1008,0,3,-1,484,-12
436421a4-b6e8-4713-85fb-76fbfa2f529e,2,289,e72d9316-8af7-47cb-b90c-ed1f4f18fc8a,bot,1583473326594,rock,paper,764,0,loss,win,2325,0,-1,3,487,-13
436421a4-b6e8-4713-85fb-76fbfa2f529e,2,290,e72d9316-8af7-47cb-b90c-ed1f4f18fc8a,bot,1583473329728,scissors,rock,3918,0,loss,win,1147,0,-1,3,486,-10
436421a4-b6e8-4713-85fb-76fbfa2f529e,2,291,e72d9316-8af7-47cb-b90c-ed1f4f18fc8a,bot,1583473334839,rock,scissors,725,0,win,loss,1321,0,3,-1,485,-7
436421a4-b6e8-4713-85fb-76fbfa2f529e,2,292,e72d9316-8af7-47cb-b90c-ed1f4f18fc8a,bot,1583473336937,paper,rock,650,0,win,loss,1083,0,3,-1,488,-8
436421a4-b6e8-4713-85fb-76fbfa2f529e,2,293,e72d9316-8af7-47cb-b90c-ed1f4f18fc8a,bot,1583473338715,scissors,paper,637,0,win,loss,1063,0,3,-1,491,-9
436421a4-b6e8-4713-85fb-76fbfa2f529e,2,294,e72d9316-8af7-47cb-b90c-ed1f4f18fc8a,bot,1583473340458,rock,scissors,983,0,win,loss,1256,0,3,-1,494,-10
436421a4-b6e8-4713-85fb-76fbfa2f529e,2,295,e72d9316-8af7-47cb-b90c-ed1f4f18fc8a,bot,1583473342736,paper,rock,757,0,win,loss,2100,0,3,-1,497,-11
436421a4-b6e8-4713-85fb-76fbfa2f529e,2,296,e72d9316-8af7-47cb-b90c-ed1f4f18fc8a,bot,1583473345639,scissors,paper,578,0,win,loss,969,0,3,-1,500,-12
436421a4-b6e8-4713-85fb-76fbfa2f529e,2,297,e72d9316-8af7-47cb-b90c-ed1f4f18fc8a,bot,1583473347234,rock,scissors,1431,0,win,loss,1047,0,3,-1,503,-13
436421a4-b6e8-4713-85fb-76fbfa2f529e,2,298,e72d9316-8af7-47cb-b90c-ed1f4f18fc8a,bot,1583473349756,paper,rock,712,0,win,loss,1271,0,3,-1,506,-14
436421a4-b6e8-4713-85fb-76fbfa2f529e,2,299,e72d9316-8af7-47cb-b90c-ed1f4f18fc8a,bot,1583473351784,scissors,paper,757,0,win,loss,1193,0,3,-1,509,-15
436421a4-b6e8-4713-85fb-76fbfa2f529e,2,300,e72d9316-8af7-47cb-b90c-ed1f4f18fc8a,bot,1583473353776,rock,scissors,1806,0,win,loss,1031,0,3,-1,512,-16
